{
  "fio version" : "fio-3.41",
  "timestamp" : 1765451548,
  "timestamp_ms" : 1765451548067,
  "time" : "Thu Dec 11 11:12:28 2025",
  "jobs" : [
    {
      "jobname" : "random-read-4k",
      "groupid" : 0,
      "job_start" : 1765451537899,
      "error" : 0,
      "eta" : 0,
      "elapsed" : 11,
      "job options" : {
        "name" : "random-read-4k",
        "filename" : "/tmp/testfile",
        "ioengine" : "libaio",
        "rw" : "randread",
        "bs" : "4k",
        "size" : "200M",
        "numjobs" : "4",
        "runtime" : "10",
        "time_based" : "",
        "group_reporting" : "",
        "direct" : "1"
      },
      "read" : {
        "io_bytes" : 747003904,
        "io_kbytes" : 729496,
        "bw_bytes" : 74692921,
        "bw" : 72942,
        "iops" : 18235.576442,
        "runtime" : 10001,
        "total_ios" : 182374,
        "short_ios" : 0,
        "drop_ios" : 0,
        "slat_ns" : {
          "min" : 1250,
          "max" : 2348404,
          "mean" : 24854.417751,
          "stddev" : 42736.998957,
          "N" : 182374
        },
        "clat_ns" : {
          "min" : 625,
          "max" : 2749687,
          "mean" : 193580.367355,
          "stddev" : 126172.560537,
          "N" : 182374,
          "percentile" : {
            "1.000000" : 1416,
            "5.000000" : 73216,
            "10.000000" : 88576,
            "20.000000" : 111104,
            "30.000000" : 129536,
            "40.000000" : 146432,
            "50.000000" : 166912,
            "60.000000" : 191488,
            "70.000000" : 224256,
            "80.000000" : 264192,
            "90.000000" : 329728,
            "95.000000" : 382976,
            "99.000000" : 536576,
            "99.500000" : 643072,
            "99.900000" : 1794048,
            "99.950000" : 2179072,
            "99.990000" : 2506752
          }
        },
        "lat_ns" : {
          "min" : 47920,
          "max" : 2867905,
          "mean" : 218434.785106,
          "stddev" : 127663.787436,
          "N" : 182374
        },
        "bw_min" : 45824,
        "bw_max" : 81112,
        "bw_agg" : 99.998210,
        "bw_mean" : 72941.550000,
        "bw_dev" : 2553.998420,
        "bw_samples" : 80,
        "iops_min" : 11456,
        "iops_max" : 20278,
        "iops_mean" : 18235.350000,
        "iops_stddev" : 638.492698,
        "iops_samples" : 80
      },
      "write" : {
        "io_bytes" : 0,
        "io_kbytes" : 0,
        "bw_bytes" : 0,
        "bw" : 0,
        "iops" : 0.000000,
        "runtime" : 0,
        "total_ios" : 0,
        "short_ios" : 0,
        "drop_ios" : 0,
        "slat_ns" : {
          "min" : 0,
          "max" : 0,
          "mean" : 0.000000,
          "stddev" : 0.000000,
          "N" : 0
        },
        "clat_ns" : {
          "min" : 0,
          "max" : 0,
          "mean" : 0.000000,
          "stddev" : 0.000000,
          "N" : 0
        },
        "lat_ns" : {
          "min" : 0,
          "max" : 0,
          "mean" : 0.000000,
          "stddev" : 0.000000,
          "N" : 0
        },
        "bw_min" : 0,
        "bw_max" : 0,
        "bw_agg" : 0.000000,
        "bw_mean" : 0.000000,
        "bw_dev" : 0.000000,
        "bw_samples" : 0,
        "iops_min" : 0,
        "iops_max" : 0,
        "iops_mean" : 0.000000,
        "iops_stddev" : 0.000000,
        "iops_samples" : 0
      },
      "trim" : {
        "io_bytes" : 0,
        "io_kbytes" : 0,
        "bw_bytes" : 0,
        "bw" : 0,
        "iops" : 0.000000,
        "runtime" : 0,
        "total_ios" : 0,
        "short_ios" : 0,
        "drop_ios" : 0,
        "slat_ns" : {
          "min" : 0,
          "max" : 0,
          "mean" : 0.000000,
          "stddev" : 0.000000,
          "N" : 0
        },
        "clat_ns" : {
          "min" : 0,
          "max" : 0,
          "mean" : 0.000000,
          "stddev" : 0.000000,
          "N" : 0
        },
        "lat_ns" : {
          "min" : 0,
          "max" : 0,
          "mean" : 0.000000,
          "stddev" : 0.000000,
          "N" : 0
        },
        "bw_min" : 0,
        "bw_max" : 0,
        "bw_agg" : 0.000000,
        "bw_mean" : 0.000000,
        "bw_dev" : 0.000000,
        "bw_samples" : 0,
        "iops_min" : 0,
        "iops_max" : 0,
        "iops_mean" : 0.000000,
        "iops_stddev" : 0.000000,
        "iops_samples" : 0
      },
      "sync" : {
        "total_ios" : 0,
        "lat_ns" : {
          "min" : 0,
          "max" : 0,
          "mean" : 0.000000,
          "stddev" : 0.000000,
          "N" : 0
        }
      },
      "job_runtime" : 40000,
      "usr_cpu" : 2.362500,
      "sys_cpu" : 24.305000,
      "ctx" : 178151,
      "majf" : 0,
      "minf" : 77,
      "iodepth_level" : {
        "1" : 100.000000,
        "2" : 0.000000,
        "4" : 0.000000,
        "8" : 0.000000,
        "16" : 0.000000,
        "32" : 0.000000,
        ">=64" : 0.000000
      },
      "iodepth_submit" : {
        "0" : 0.000000,
        "4" : 100.000000,
        "8" : 0.000000,
        "16" : 0.000000,
        "32" : 0.000000,
        "64" : 0.000000,
        ">=64" : 0.000000
      },
      "iodepth_complete" : {
        "0" : 0.000000,
        "4" : 100.000000,
        "8" : 0.000000,
        "16" : 0.000000,
        "32" : 0.000000,
        "64" : 0.000000,
        ">=64" : 0.000000
      },
      "latency_ns" : {
        "2" : 0.000000,
        "4" : 0.000000,
        "10" : 0.000000,
        "20" : 0.000000,
        "50" : 0.000000,
        "100" : 0.000000,
        "250" : 0.000000,
        "500" : 0.000000,
        "750" : 0.010000,
        "1000" : 0.173819
      },
      "latency_us" : {
        "2" : 2.192198,
        "4" : 0.066347,
        "10" : 0.010000,
        "20" : 0.010000,
        "50" : 0.026868,
        "100" : 12.124535,
        "250" : 62.065865,
        "500" : 21.937886,
        "750" : 1.064845,
        "1000" : 0.132146
      },
      "latency_ms" : {
        "2" : 0.131049,
        "4" : 0.067444,
        "10" : 0.000000,
        "20" : 0.000000,
        "50" : 0.000000,
        "100" : 0.000000,
        "250" : 0.000000,
        "500" : 0.000000,
        "750" : 0.000000,
        "1000" : 0.000000,
        "2000" : 0.000000,
        ">=2000" : 0.000000
      },
      "latency_depth" : 1,
      "latency_target" : 0,
      "latency_percentile" : 100.000000,
      "latency_window" : 0
    }
  ]
}
