{
  "fio version" : "fio-3.41",
  "timestamp" : 1765450686,
  "timestamp_ms" : 1765450686408,
  "time" : "Thu Dec 11 10:58:06 2025",
  "jobs" : [
    {
      "jobname" : "sequential-write-64k",
      "groupid" : 0,
      "job_start" : 1765450676267,
      "error" : 0,
      "eta" : 0,
      "elapsed" : 11,
      "job options" : {
        "name" : "sequential-write-64k",
        "filename" : "/tmp/testfile",
        "ioengine" : "libaio",
        "rw" : "write",
        "bs" : "64k",
        "size" : "200M",
        "numjobs" : "4",
        "runtime" : "10",
        "time_based" : "",
        "group_reporting" : "",
        "direct" : "1"
      },
      "read" : {
        "io_bytes" : 0,
        "io_kbytes" : 0,
        "bw_bytes" : 0,
        "bw" : 0,
        "iops" : 0.000000,
        "runtime" : 0,
        "total_ios" : 0,
        "short_ios" : 0,
        "drop_ios" : 0,
        "slat_ns" : {
          "min" : 0,
          "max" : 0,
          "mean" : 0.000000,
          "stddev" : 0.000000,
          "N" : 0
        },
        "clat_ns" : {
          "min" : 0,
          "max" : 0,
          "mean" : 0.000000,
          "stddev" : 0.000000,
          "N" : 0
        },
        "lat_ns" : {
          "min" : 0,
          "max" : 0,
          "mean" : 0.000000,
          "stddev" : 0.000000,
          "N" : 0
        },
        "bw_min" : 0,
        "bw_max" : 0,
        "bw_agg" : 0.000000,
        "bw_mean" : 0.000000,
        "bw_dev" : 0.000000,
        "bw_samples" : 0,
        "iops_min" : 0,
        "iops_max" : 0,
        "iops_mean" : 0.000000,
        "iops_stddev" : 0.000000,
        "iops_samples" : 0
      },
      "write" : {
        "io_bytes" : 8249540608,
        "io_kbytes" : 8056192,
        "bw_bytes" : 824871573,
        "bw" : 805538,
        "iops" : 12586.541346,
        "runtime" : 10001,
        "total_ios" : 125878,
        "short_ios" : 0,
        "drop_ios" : 0,
        "slat_ns" : {
          "min" : 16251,
          "max" : 3828327,
          "mean" : 111728.254906,
          "stddev" : 134708.128212,
          "N" : 125878
        },
        "clat_ns" : {
          "min" : 666,
          "max" : 11911455,
          "mean" : 205285.429241,
          "stddev" : 121410.720125,
          "N" : 125878,
          "percentile" : {
            "1.000000" : 1080,
            "5.000000" : 78336,
            "10.000000" : 111104,
            "20.000000" : 138240,
            "30.000000" : 158720,
            "40.000000" : 177152,
            "50.000000" : 195584,
            "60.000000" : 214016,
            "70.000000" : 236544,
            "80.000000" : 268288,
            "90.000000" : 317440,
            "95.000000" : 362496,
            "99.000000" : 485376,
            "99.500000" : 544768,
            "99.900000" : 823296,
            "99.950000" : 1155072,
            "99.990000" : 2998272
          }
        },
        "lat_ns" : {
          "min" : 83253,
          "max" : 12258386,
          "mean" : 317013.684147,
          "stddev" : 171042.586628,
          "N" : 125878
        },
        "bw_min" : 709248,
        "bw_max" : 846848,
        "bw_agg" : 100.000000,
        "bw_mean" : 805619.200000,
        "bw_dev" : 7278.985980,
        "bw_samples" : 80,
        "iops_min" : 11082,
        "iops_max" : 13232,
        "iops_mean" : 12587.800000,
        "iops_stddev" : 113.734156,
        "iops_samples" : 80
      },
      "trim" : {
        "io_bytes" : 0,
        "io_kbytes" : 0,
        "bw_bytes" : 0,
        "bw" : 0,
        "iops" : 0.000000,
        "runtime" : 0,
        "total_ios" : 0,
        "short_ios" : 0,
        "drop_ios" : 0,
        "slat_ns" : {
          "min" : 0,
          "max" : 0,
          "mean" : 0.000000,
          "stddev" : 0.000000,
          "N" : 0
        },
        "clat_ns" : {
          "min" : 0,
          "max" : 0,
          "mean" : 0.000000,
          "stddev" : 0.000000,
          "N" : 0
        },
        "lat_ns" : {
          "min" : 0,
          "max" : 0,
          "mean" : 0.000000,
          "stddev" : 0.000000,
          "N" : 0
        },
        "bw_min" : 0,
        "bw_max" : 0,
        "bw_agg" : 0.000000,
        "bw_mean" : 0.000000,
        "bw_dev" : 0.000000,
        "bw_samples" : 0,
        "iops_min" : 0,
        "iops_max" : 0,
        "iops_mean" : 0.000000,
        "iops_stddev" : 0.000000,
        "iops_samples" : 0
      },
      "sync" : {
        "total_ios" : 0,
        "lat_ns" : {
          "min" : 0,
          "max" : 0,
          "mean" : 0.000000,
          "stddev" : 0.000000,
          "N" : 0
        }
      },
      "job_runtime" : 40000,
      "usr_cpu" : 1.382500,
      "sys_cpu" : 22.732500,
      "ctx" : 170437,
      "majf" : 0,
      "minf" : 73,
      "iodepth_level" : {
        "1" : 100.000000,
        "2" : 0.000000,
        "4" : 0.000000,
        "8" : 0.000000,
        "16" : 0.000000,
        "32" : 0.000000,
        ">=64" : 0.000000
      },
      "iodepth_submit" : {
        "0" : 0.000000,
        "4" : 100.000000,
        "8" : 0.000000,
        "16" : 0.000000,
        "32" : 0.000000,
        "64" : 0.000000,
        ">=64" : 0.000000
      },
      "iodepth_complete" : {
        "0" : 0.000000,
        "4" : 100.000000,
        "8" : 0.000000,
        "16" : 0.000000,
        "32" : 0.000000,
        "64" : 0.000000,
        ">=64" : 0.000000
      },
      "latency_ns" : {
        "2" : 0.000000,
        "4" : 0.000000,
        "10" : 0.000000,
        "20" : 0.000000,
        "50" : 0.000000,
        "100" : 0.000000,
        "250" : 0.000000,
        "500" : 0.000000,
        "750" : 0.010000,
        "1000" : 0.501279
      },
      "latency_us" : {
        "2" : 3.388201,
        "4" : 0.041310,
        "10" : 0.175567,
        "20" : 0.033366,
        "50" : 0.189072,
        "100" : 3.025946,
        "250" : 67.380321,
        "500" : 24.422854,
        "750" : 0.704651,
        "1000" : 0.060376
      },
      "latency_ms" : {
        "2" : 0.051637,
        "4" : 0.010000,
        "10" : 0.010000,
        "20" : 0.010000,
        "50" : 0.000000,
        "100" : 0.000000,
        "250" : 0.000000,
        "500" : 0.000000,
        "750" : 0.000000,
        "1000" : 0.000000,
        "2000" : 0.000000,
        ">=2000" : 0.000000
      },
      "latency_depth" : 1,
      "latency_target" : 0,
      "latency_percentile" : 100.000000,
      "latency_window" : 0
    }
  ]
}
