{
  "fio version" : "fio-3.41",
  "timestamp" : 1765450563,
  "timestamp_ms" : 1765450563238,
  "time" : "Thu Dec 11 10:56:03 2025",
  "jobs" : [
    {
      "jobname" : "sequential-write-64k",
      "groupid" : 0,
      "job_start" : 1765450553089,
      "error" : 0,
      "eta" : 0,
      "elapsed" : 11,
      "job options" : {
        "name" : "sequential-write-64k",
        "filename" : "/tmp/testfile",
        "ioengine" : "libaio",
        "rw" : "write",
        "bs" : "64k",
        "size" : "200M",
        "numjobs" : "4",
        "runtime" : "10",
        "time_based" : "",
        "group_reporting" : "",
        "direct" : "1"
      },
      "read" : {
        "io_bytes" : 0,
        "io_kbytes" : 0,
        "bw_bytes" : 0,
        "bw" : 0,
        "iops" : 0.000000,
        "runtime" : 0,
        "total_ios" : 0,
        "short_ios" : 0,
        "drop_ios" : 0,
        "slat_ns" : {
          "min" : 0,
          "max" : 0,
          "mean" : 0.000000,
          "stddev" : 0.000000,
          "N" : 0
        },
        "clat_ns" : {
          "min" : 0,
          "max" : 0,
          "mean" : 0.000000,
          "stddev" : 0.000000,
          "N" : 0
        },
        "lat_ns" : {
          "min" : 0,
          "max" : 0,
          "mean" : 0.000000,
          "stddev" : 0.000000,
          "N" : 0
        },
        "bw_min" : 0,
        "bw_max" : 0,
        "bw_agg" : 0.000000,
        "bw_mean" : 0.000000,
        "bw_dev" : 0.000000,
        "bw_samples" : 0,
        "iops_min" : 0,
        "iops_max" : 0,
        "iops_mean" : 0.000000,
        "iops_stddev" : 0.000000,
        "iops_samples" : 0
      },
      "write" : {
        "io_bytes" : 5295374336,
        "io_kbytes" : 5171264,
        "bw_bytes" : 529484485,
        "bw" : 517074,
        "iops" : 8079.292071,
        "runtime" : 10001,
        "total_ios" : 80801,
        "short_ios" : 0,
        "drop_ios" : 0,
        "slat_ns" : {
          "min" : 16167,
          "max" : 2982374,
          "mean" : 87742.634163,
          "stddev" : 110392.998034,
          "N" : 80801
        },
        "clat_ns" : {
          "min" : 667,
          "max" : 18219384,
          "mean" : 406529.059628,
          "stddev" : 292177.682915,
          "N" : 80801,
          "percentile" : {
            "1.000000" : 1464,
            "5.000000" : 122368,
            "10.000000" : 150528,
            "20.000000" : 195584,
            "30.000000" : 246784,
            "40.000000" : 321536,
            "50.000000" : 387072,
            "60.000000" : 428032,
            "70.000000" : 464896,
            "80.000000" : 522240,
            "90.000000" : 716800,
            "95.000000" : 864256,
            "99.000000" : 1368064,
            "99.500000" : 1613824,
            "99.900000" : 2539520,
            "99.950000" : 3850240,
            "99.990000" : 7962624
          }
        },
        "lat_ns" : {
          "min" : 96587,
          "max" : 18248594,
          "mean" : 494271.693791,
          "stddev" : 289210.217593,
          "N" : 80801
        },
        "bw_min" : 284160,
        "bw_max" : 775040,
        "bw_agg" : 100.000000,
        "bw_mean" : 517126.400000,
        "bw_dev" : 40242.323667,
        "bw_samples" : 80,
        "iops_min" : 4440,
        "iops_max" : 12110,
        "iops_mean" : 8080.100000,
        "iops_stddev" : 628.786307,
        "iops_samples" : 80
      },
      "trim" : {
        "io_bytes" : 0,
        "io_kbytes" : 0,
        "bw_bytes" : 0,
        "bw" : 0,
        "iops" : 0.000000,
        "runtime" : 0,
        "total_ios" : 0,
        "short_ios" : 0,
        "drop_ios" : 0,
        "slat_ns" : {
          "min" : 0,
          "max" : 0,
          "mean" : 0.000000,
          "stddev" : 0.000000,
          "N" : 0
        },
        "clat_ns" : {
          "min" : 0,
          "max" : 0,
          "mean" : 0.000000,
          "stddev" : 0.000000,
          "N" : 0
        },
        "lat_ns" : {
          "min" : 0,
          "max" : 0,
          "mean" : 0.000000,
          "stddev" : 0.000000,
          "N" : 0
        },
        "bw_min" : 0,
        "bw_max" : 0,
        "bw_agg" : 0.000000,
        "bw_mean" : 0.000000,
        "bw_dev" : 0.000000,
        "bw_samples" : 0,
        "iops_min" : 0,
        "iops_max" : 0,
        "iops_mean" : 0.000000,
        "iops_stddev" : 0.000000,
        "iops_samples" : 0
      },
      "sync" : {
        "total_ios" : 0,
        "lat_ns" : {
          "min" : 0,
          "max" : 0,
          "mean" : 0.000000,
          "stddev" : 0.000000,
          "N" : 0
        }
      },
      "job_runtime" : 40000,
      "usr_cpu" : 0.875000,
      "sys_cpu" : 12.317500,
      "ctx" : 98361,
      "majf" : 0,
      "minf" : 71,
      "iodepth_level" : {
        "1" : 100.000000,
        "2" : 0.000000,
        "4" : 0.000000,
        "8" : 0.000000,
        "16" : 0.000000,
        "32" : 0.000000,
        ">=64" : 0.000000
      },
      "iodepth_submit" : {
        "0" : 0.000000,
        "4" : 100.000000,
        "8" : 0.000000,
        "16" : 0.000000,
        "32" : 0.000000,
        "64" : 0.000000,
        ">=64" : 0.000000
      },
      "iodepth_complete" : {
        "0" : 0.000000,
        "4" : 100.000000,
        "8" : 0.000000,
        "16" : 0.000000,
        "32" : 0.000000,
        "64" : 0.000000,
        ">=64" : 0.000000
      },
      "latency_ns" : {
        "2" : 0.000000,
        "4" : 0.000000,
        "10" : 0.000000,
        "20" : 0.000000,
        "50" : 0.000000,
        "100" : 0.000000,
        "250" : 0.000000,
        "500" : 0.000000,
        "750" : 0.010000,
        "1000" : 0.150988
      },
      "latency_us" : {
        "2" : 1.126224,
        "4" : 0.035891,
        "10" : 0.069306,
        "20" : 0.014851,
        "50" : 0.060643,
        "100" : 1.172015,
        "250" : 27.859804,
        "500" : 46.342248,
        "750" : 14.514672,
        "1000" : 6.204131
      },
      "latency_ms" : {
        "2" : 2.266061,
        "4" : 0.132424,
        "10" : 0.042079,
        "20" : 0.010000,
        "50" : 0.000000,
        "100" : 0.000000,
        "250" : 0.000000,
        "500" : 0.000000,
        "750" : 0.000000,
        "1000" : 0.000000,
        "2000" : 0.000000,
        ">=2000" : 0.000000
      },
      "latency_depth" : 1,
      "latency_target" : 0,
      "latency_percentile" : 100.000000,
      "latency_window" : 0
    }
  ]
}
