{
  "fio version" : "fio-3.41",
  "timestamp" : 1765454874,
  "timestamp_ms" : 1765454874650,
  "time" : "Thu Dec 11 12:07:54 2025",
  "jobs" : [
    {
      "jobname" : "sequential-write-64k",
      "groupid" : 0,
      "job_start" : 1765454864507,
      "error" : 0,
      "eta" : 0,
      "elapsed" : 11,
      "job options" : {
        "name" : "sequential-write-64k",
        "filename" : "/tmp/testfile",
        "ioengine" : "libaio",
        "rw" : "write",
        "bs" : "64k",
        "size" : "200M",
        "numjobs" : "4",
        "runtime" : "10",
        "time_based" : "",
        "group_reporting" : "",
        "direct" : "1"
      },
      "read" : {
        "io_bytes" : 0,
        "io_kbytes" : 0,
        "bw_bytes" : 0,
        "bw" : 0,
        "iops" : 0.000000,
        "runtime" : 0,
        "total_ios" : 0,
        "short_ios" : 0,
        "drop_ios" : 0,
        "slat_ns" : {
          "min" : 0,
          "max" : 0,
          "mean" : 0.000000,
          "stddev" : 0.000000,
          "N" : 0
        },
        "clat_ns" : {
          "min" : 0,
          "max" : 0,
          "mean" : 0.000000,
          "stddev" : 0.000000,
          "N" : 0
        },
        "lat_ns" : {
          "min" : 0,
          "max" : 0,
          "mean" : 0.000000,
          "stddev" : 0.000000,
          "N" : 0
        },
        "bw_min" : 0,
        "bw_max" : 0,
        "bw_agg" : 0.000000,
        "bw_mean" : 0.000000,
        "bw_dev" : 0.000000,
        "bw_samples" : 0,
        "iops_min" : 0,
        "iops_max" : 0,
        "iops_mean" : 0.000000,
        "iops_stddev" : 0.000000,
        "iops_samples" : 0
      },
      "write" : {
        "io_bytes" : 4441243648,
        "io_kbytes" : 4337152,
        "bw_bytes" : 444079956,
        "bw" : 433671,
        "iops" : 6776.122388,
        "runtime" : 10001,
        "total_ios" : 67768,
        "short_ios" : 0,
        "drop_ios" : 0,
        "slat_ns" : {
          "min" : 207717,
          "max" : 3786824,
          "mean" : 589336.951541,
          "stddev" : 206924.677743,
          "N" : 67768
        },
        "clat_ns" : {
          "min" : 250,
          "max" : 106838,
          "mean" : 665.024436,
          "stddev" : 1327.771731,
          "N" : 67768,
          "percentile" : {
            "1.000000" : 378,
            "5.000000" : 418,
            "10.000000" : 458,
            "20.000000" : 502,
            "30.000000" : 540,
            "40.000000" : 628,
            "50.000000" : 628,
            "60.000000" : 668,
            "70.000000" : 668,
            "80.000000" : 708,
            "90.000000" : 748,
            "95.000000" : 796,
            "99.000000" : 876,
            "99.500000" : 956,
            "99.900000" : 20352,
            "99.950000" : 30592,
            "99.990000" : 62208
          }
        },
        "lat_ns" : {
          "min" : 208425,
          "max" : 3787283,
          "mean" : 590001.975977,
          "stddev" : 206938.441210,
          "N" : 67768
        },
        "bw_min" : 393216,
        "bw_max" : 561280,
        "bw_agg" : 100.000000,
        "bw_mean" : 433715.200000,
        "bw_dev" : 11239.847062,
        "bw_samples" : 80,
        "iops_min" : 6144,
        "iops_max" : 8770,
        "iops_mean" : 6776.800000,
        "iops_stddev" : 175.622610,
        "iops_samples" : 80
      },
      "trim" : {
        "io_bytes" : 0,
        "io_kbytes" : 0,
        "bw_bytes" : 0,
        "bw" : 0,
        "iops" : 0.000000,
        "runtime" : 0,
        "total_ios" : 0,
        "short_ios" : 0,
        "drop_ios" : 0,
        "slat_ns" : {
          "min" : 0,
          "max" : 0,
          "mean" : 0.000000,
          "stddev" : 0.000000,
          "N" : 0
        },
        "clat_ns" : {
          "min" : 0,
          "max" : 0,
          "mean" : 0.000000,
          "stddev" : 0.000000,
          "N" : 0
        },
        "lat_ns" : {
          "min" : 0,
          "max" : 0,
          "mean" : 0.000000,
          "stddev" : 0.000000,
          "N" : 0
        },
        "bw_min" : 0,
        "bw_max" : 0,
        "bw_agg" : 0.000000,
        "bw_mean" : 0.000000,
        "bw_dev" : 0.000000,
        "bw_samples" : 0,
        "iops_min" : 0,
        "iops_max" : 0,
        "iops_mean" : 0.000000,
        "iops_stddev" : 0.000000,
        "iops_samples" : 0
      },
      "sync" : {
        "total_ios" : 0,
        "lat_ns" : {
          "min" : 0,
          "max" : 0,
          "mean" : 0.000000,
          "stddev" : 0.000000,
          "N" : 0
        }
      },
      "job_runtime" : 40000,
      "usr_cpu" : 0.405000,
      "sys_cpu" : 5.352500,
      "ctx" : 189726,
      "majf" : 3,
      "minf" : 78,
      "iodepth_level" : {
        "1" : 100.000000,
        "2" : 0.000000,
        "4" : 0.000000,
        "8" : 0.000000,
        "16" : 0.000000,
        "32" : 0.000000,
        ">=64" : 0.000000
      },
      "iodepth_submit" : {
        "0" : 0.000000,
        "4" : 100.000000,
        "8" : 0.000000,
        "16" : 0.000000,
        "32" : 0.000000,
        "64" : 0.000000,
        ">=64" : 0.000000
      },
      "iodepth_complete" : {
        "0" : 0.000000,
        "4" : 100.000000,
        "8" : 0.000000,
        "16" : 0.000000,
        "32" : 0.000000,
        "64" : 0.000000,
        ">=64" : 0.000000
      },
      "latency_ns" : {
        "2" : 0.000000,
        "4" : 0.000000,
        "10" : 0.000000,
        "20" : 0.000000,
        "50" : 0.000000,
        "100" : 0.000000,
        "250" : 0.000000,
        "500" : 15.600283,
        "750" : 70.133396,
        "1000" : 13.771987
      },
      "latency_us" : {
        "2" : 0.286271,
        "4" : 0.028037,
        "10" : 0.026561,
        "20" : 0.050171,
        "50" : 0.084110,
        "100" : 0.017707,
        "250" : 0.010000,
        "500" : 0.000000,
        "750" : 0.000000,
        "1000" : 0.000000
      },
      "latency_ms" : {
        "2" : 0.000000,
        "4" : 0.000000,
        "10" : 0.000000,
        "20" : 0.000000,
        "50" : 0.000000,
        "100" : 0.000000,
        "250" : 0.000000,
        "500" : 0.000000,
        "750" : 0.000000,
        "1000" : 0.000000,
        "2000" : 0.000000,
        ">=2000" : 0.000000
      },
      "latency_depth" : 1,
      "latency_target" : 0,
      "latency_percentile" : 100.000000,
      "latency_window" : 0
    }
  ]
}
