{
  "fio version" : "fio-3.41",
  "timestamp" : 1765450526,
  "timestamp_ms" : 1765450526012,
  "time" : "Thu Dec 11 10:55:26 2025",
  "jobs" : [
    {
      "jobname" : "random-read-4k",
      "groupid" : 0,
      "job_start" : 1765450515860,
      "error" : 0,
      "eta" : 0,
      "elapsed" : 11,
      "job options" : {
        "name" : "random-read-4k",
        "filename" : "/tmp/testfile",
        "ioengine" : "libaio",
        "rw" : "randread",
        "bs" : "4k",
        "size" : "200M",
        "numjobs" : "4",
        "runtime" : "10",
        "time_based" : "",
        "group_reporting" : "",
        "direct" : "1"
      },
      "read" : {
        "io_bytes" : 703430656,
        "io_kbytes" : 686944,
        "bw_bytes" : 70336031,
        "bw" : 68687,
        "iops" : 17171.882812,
        "runtime" : 10001,
        "total_ios" : 171736,
        "short_ios" : 0,
        "drop_ios" : 0,
        "slat_ns" : {
          "min" : 1792,
          "max" : 713488,
          "mean" : 25304.276465,
          "stddev" : 46019.827154,
          "N" : 171736
        },
        "clat_ns" : {
          "min" : 541,
          "max" : 2228551,
          "mean" : 206791.300490,
          "stddev" : 78855.553882,
          "N" : 171736,
          "percentile" : {
            "1.000000" : 1160,
            "5.000000" : 92672,
            "10.000000" : 124416,
            "20.000000" : 150528,
            "30.000000" : 168960,
            "40.000000" : 185344,
            "50.000000" : 199680,
            "60.000000" : 218112,
            "70.000000" : 236544,
            "80.000000" : 264192,
            "90.000000" : 301056,
            "95.000000" : 342016,
            "99.000000" : 423936,
            "99.500000" : 460800,
            "99.900000" : 552960,
            "99.950000" : 618496,
            "99.990000" : 929792
          }
        },
        "lat_ns" : {
          "min" : 56461,
          "max" : 2238343,
          "mean" : 232095.576955,
          "stddev" : 74952.271676,
          "N" : 171736
        },
        "bw_min" : 66736,
        "bw_max" : 71056,
        "bw_agg" : 100.000000,
        "bw_mean" : 68694.400000,
        "bw_dev" : 278.257289,
        "bw_samples" : 80,
        "iops_min" : 16684,
        "iops_max" : 17764,
        "iops_mean" : 17173.600000,
        "iops_stddev" : 69.564322,
        "iops_samples" : 80
      },
      "write" : {
        "io_bytes" : 0,
        "io_kbytes" : 0,
        "bw_bytes" : 0,
        "bw" : 0,
        "iops" : 0.000000,
        "runtime" : 0,
        "total_ios" : 0,
        "short_ios" : 0,
        "drop_ios" : 0,
        "slat_ns" : {
          "min" : 0,
          "max" : 0,
          "mean" : 0.000000,
          "stddev" : 0.000000,
          "N" : 0
        },
        "clat_ns" : {
          "min" : 0,
          "max" : 0,
          "mean" : 0.000000,
          "stddev" : 0.000000,
          "N" : 0
        },
        "lat_ns" : {
          "min" : 0,
          "max" : 0,
          "mean" : 0.000000,
          "stddev" : 0.000000,
          "N" : 0
        },
        "bw_min" : 0,
        "bw_max" : 0,
        "bw_agg" : 0.000000,
        "bw_mean" : 0.000000,
        "bw_dev" : 0.000000,
        "bw_samples" : 0,
        "iops_min" : 0,
        "iops_max" : 0,
        "iops_mean" : 0.000000,
        "iops_stddev" : 0.000000,
        "iops_samples" : 0
      },
      "trim" : {
        "io_bytes" : 0,
        "io_kbytes" : 0,
        "bw_bytes" : 0,
        "bw" : 0,
        "iops" : 0.000000,
        "runtime" : 0,
        "total_ios" : 0,
        "short_ios" : 0,
        "drop_ios" : 0,
        "slat_ns" : {
          "min" : 0,
          "max" : 0,
          "mean" : 0.000000,
          "stddev" : 0.000000,
          "N" : 0
        },
        "clat_ns" : {
          "min" : 0,
          "max" : 0,
          "mean" : 0.000000,
          "stddev" : 0.000000,
          "N" : 0
        },
        "lat_ns" : {
          "min" : 0,
          "max" : 0,
          "mean" : 0.000000,
          "stddev" : 0.000000,
          "N" : 0
        },
        "bw_min" : 0,
        "bw_max" : 0,
        "bw_agg" : 0.000000,
        "bw_mean" : 0.000000,
        "bw_dev" : 0.000000,
        "bw_samples" : 0,
        "iops_min" : 0,
        "iops_max" : 0,
        "iops_mean" : 0.000000,
        "iops_stddev" : 0.000000,
        "iops_samples" : 0
      },
      "sync" : {
        "total_ios" : 0,
        "lat_ns" : {
          "min" : 0,
          "max" : 0,
          "mean" : 0.000000,
          "stddev" : 0.000000,
          "N" : 0
        }
      },
      "job_runtime" : 40000,
      "usr_cpu" : 1.207500,
      "sys_cpu" : 13.525000,
      "ctx" : 172123,
      "majf" : 0,
      "minf" : 75,
      "iodepth_level" : {
        "1" : 100.000000,
        "2" : 0.000000,
        "4" : 0.000000,
        "8" : 0.000000,
        "16" : 0.000000,
        "32" : 0.000000,
        ">=64" : 0.000000
      },
      "iodepth_submit" : {
        "0" : 0.000000,
        "4" : 100.000000,
        "8" : 0.000000,
        "16" : 0.000000,
        "32" : 0.000000,
        "64" : 0.000000,
        ">=64" : 0.000000
      },
      "iodepth_complete" : {
        "0" : 0.000000,
        "4" : 100.000000,
        "8" : 0.000000,
        "16" : 0.000000,
        "32" : 0.000000,
        "64" : 0.000000,
        ">=64" : 0.000000
      },
      "latency_ns" : {
        "2" : 0.000000,
        "4" : 0.000000,
        "10" : 0.000000,
        "20" : 0.000000,
        "50" : 0.000000,
        "100" : 0.000000,
        "250" : 0.000000,
        "500" : 0.000000,
        "750" : 0.046001,
        "1000" : 0.406438
      },
      "latency_us" : {
        "2" : 1.641473,
        "4" : 0.014557,
        "10" : 0.019798,
        "20" : 0.061723,
        "50" : 0.536288,
        "100" : 2.984232,
        "250" : 69.751828,
        "500" : 24.293101,
        "750" : 0.223017,
        "1000" : 0.012228
      },
      "latency_ms" : {
        "2" : 0.010000,
        "4" : 0.010000,
        "10" : 0.000000,
        "20" : 0.000000,
        "50" : 0.000000,
        "100" : 0.000000,
        "250" : 0.000000,
        "500" : 0.000000,
        "750" : 0.000000,
        "1000" : 0.000000,
        "2000" : 0.000000,
        ">=2000" : 0.000000
      },
      "latency_depth" : 1,
      "latency_target" : 0,
      "latency_percentile" : 100.000000,
      "latency_window" : 0
    }
  ]
}
