{
  "fio version" : "fio-3.41",
  "timestamp" : 1765454839,
  "timestamp_ms" : 1765454839911,
  "time" : "Thu Dec 11 12:07:19 2025",
  "jobs" : [
    {
      "jobname" : "random-read-4k",
      "groupid" : 0,
      "job_start" : 1765454829692,
      "error" : 0,
      "eta" : 0,
      "elapsed" : 11,
      "job options" : {
        "name" : "random-read-4k",
        "filename" : "/tmp/testfile",
        "ioengine" : "libaio",
        "rw" : "randread",
        "bs" : "4k",
        "size" : "200M",
        "numjobs" : "4",
        "runtime" : "10",
        "time_based" : "",
        "group_reporting" : "",
        "direct" : "1"
      },
      "read" : {
        "io_bytes" : 1020674048,
        "io_kbytes" : 996752,
        "bw_bytes" : 102057199,
        "bw" : 99665,
        "iops" : 24916.308369,
        "runtime" : 10001,
        "total_ios" : 249188,
        "short_ios" : 0,
        "drop_ios" : 0,
        "slat_ns" : {
          "min" : 1042,
          "max" : 9730655,
          "mean" : 159378.246063,
          "stddev" : 98903.308108,
          "N" : 249188
        },
        "clat_ns" : {
          "min" : 166,
          "max" : 221676,
          "mean" : 776.680061,
          "stddev" : 3234.166049,
          "N" : 249188,
          "percentile" : {
            "1.000000" : 251,
            "5.000000" : 251,
            "10.000000" : 290,
            "20.000000" : 458,
            "30.000000" : 502,
            "40.000000" : 580,
            "50.000000" : 628,
            "60.000000" : 668,
            "70.000000" : 708,
            "80.000000" : 748,
            "90.000000" : 836,
            "95.000000" : 876,
            "99.000000" : 1048,
            "99.500000" : 1784,
            "99.900000" : 60672,
            "99.950000" : 75264,
            "99.990000" : 99840
          }
        },
        "lat_ns" : {
          "min" : 1250,
          "max" : 9731447,
          "mean" : 160154.926124,
          "stddev" : 99072.290046,
          "N" : 249188
        },
        "bw_min" : 89984,
        "bw_max" : 121816,
        "bw_agg" : 100.000000,
        "bw_mean" : 99675.200000,
        "bw_dev" : 2931.525373,
        "bw_samples" : 80,
        "iops_min" : 22496,
        "iops_max" : 30454,
        "iops_mean" : 24918.800000,
        "iops_stddev" : 732.881343,
        "iops_samples" : 80
      },
      "write" : {
        "io_bytes" : 0,
        "io_kbytes" : 0,
        "bw_bytes" : 0,
        "bw" : 0,
        "iops" : 0.000000,
        "runtime" : 0,
        "total_ios" : 0,
        "short_ios" : 0,
        "drop_ios" : 0,
        "slat_ns" : {
          "min" : 0,
          "max" : 0,
          "mean" : 0.000000,
          "stddev" : 0.000000,
          "N" : 0
        },
        "clat_ns" : {
          "min" : 0,
          "max" : 0,
          "mean" : 0.000000,
          "stddev" : 0.000000,
          "N" : 0
        },
        "lat_ns" : {
          "min" : 0,
          "max" : 0,
          "mean" : 0.000000,
          "stddev" : 0.000000,
          "N" : 0
        },
        "bw_min" : 0,
        "bw_max" : 0,
        "bw_agg" : 0.000000,
        "bw_mean" : 0.000000,
        "bw_dev" : 0.000000,
        "bw_samples" : 0,
        "iops_min" : 0,
        "iops_max" : 0,
        "iops_mean" : 0.000000,
        "iops_stddev" : 0.000000,
        "iops_samples" : 0
      },
      "trim" : {
        "io_bytes" : 0,
        "io_kbytes" : 0,
        "bw_bytes" : 0,
        "bw" : 0,
        "iops" : 0.000000,
        "runtime" : 0,
        "total_ios" : 0,
        "short_ios" : 0,
        "drop_ios" : 0,
        "slat_ns" : {
          "min" : 0,
          "max" : 0,
          "mean" : 0.000000,
          "stddev" : 0.000000,
          "N" : 0
        },
        "clat_ns" : {
          "min" : 0,
          "max" : 0,
          "mean" : 0.000000,
          "stddev" : 0.000000,
          "N" : 0
        },
        "lat_ns" : {
          "min" : 0,
          "max" : 0,
          "mean" : 0.000000,
          "stddev" : 0.000000,
          "N" : 0
        },
        "bw_min" : 0,
        "bw_max" : 0,
        "bw_agg" : 0.000000,
        "bw_mean" : 0.000000,
        "bw_dev" : 0.000000,
        "bw_samples" : 0,
        "iops_min" : 0,
        "iops_max" : 0,
        "iops_mean" : 0.000000,
        "iops_stddev" : 0.000000,
        "iops_samples" : 0
      },
      "sync" : {
        "total_ios" : 0,
        "lat_ns" : {
          "min" : 0,
          "max" : 0,
          "mean" : 0.000000,
          "stddev" : 0.000000,
          "N" : 0
        }
      },
      "job_runtime" : 40000,
      "usr_cpu" : 0.875000,
      "sys_cpu" : 13.730000,
      "ctx" : 219151,
      "majf" : 3,
      "minf" : 84,
      "iodepth_level" : {
        "1" : 100.000000,
        "2" : 0.000000,
        "4" : 0.000000,
        "8" : 0.000000,
        "16" : 0.000000,
        "32" : 0.000000,
        ">=64" : 0.000000
      },
      "iodepth_submit" : {
        "0" : 0.000000,
        "4" : 100.000000,
        "8" : 0.000000,
        "16" : 0.000000,
        "32" : 0.000000,
        "64" : 0.000000,
        ">=64" : 0.000000
      },
      "iodepth_complete" : {
        "0" : 0.000000,
        "4" : 100.000000,
        "8" : 0.000000,
        "16" : 0.000000,
        "32" : 0.000000,
        "64" : 0.000000,
        ">=64" : 0.000000
      },
      "latency_ns" : {
        "2" : 0.000000,
        "4" : 0.000000,
        "10" : 0.000000,
        "20" : 0.000000,
        "50" : 0.000000,
        "100" : 0.000000,
        "250" : 0.902933,
        "500" : 21.582901,
        "750" : 57.205002,
        "1000" : 18.851630
      },
      "latency_us" : {
        "2" : 1.007673,
        "4" : 0.047755,
        "10" : 0.013644,
        "20" : 0.053373,
        "50" : 0.193428,
        "100" : 0.131628,
        "250" : 0.010033,
        "500" : 0.000000,
        "750" : 0.000000,
        "1000" : 0.000000
      },
      "latency_ms" : {
        "2" : 0.000000,
        "4" : 0.000000,
        "10" : 0.000000,
        "20" : 0.000000,
        "50" : 0.000000,
        "100" : 0.000000,
        "250" : 0.000000,
        "500" : 0.000000,
        "750" : 0.000000,
        "1000" : 0.000000,
        "2000" : 0.000000,
        ">=2000" : 0.000000
      },
      "latency_depth" : 1,
      "latency_target" : 0,
      "latency_percentile" : 100.000000,
      "latency_window" : 0
    }
  ]
}
