{
  "fio version" : "fio-3.41",
  "timestamp" : 1765450314,
  "timestamp_ms" : 1765450314759,
  "time" : "Thu Dec 11 10:51:54 2025",
  "jobs" : [
    {
      "jobname" : "sequential-write-64k",
      "groupid" : 0,
      "job_start" : 1765450304618,
      "error" : 0,
      "eta" : 0,
      "elapsed" : 11,
      "job options" : {
        "name" : "sequential-write-64k",
        "filename" : "/tmp/testfile",
        "ioengine" : "libaio",
        "rw" : "write",
        "bs" : "64k",
        "size" : "200M",
        "numjobs" : "4",
        "runtime" : "10",
        "time_based" : "",
        "group_reporting" : "",
        "direct" : "1"
      },
      "read" : {
        "io_bytes" : 0,
        "io_kbytes" : 0,
        "bw_bytes" : 0,
        "bw" : 0,
        "iops" : 0.000000,
        "runtime" : 0,
        "total_ios" : 0,
        "short_ios" : 0,
        "drop_ios" : 0,
        "slat_ns" : {
          "min" : 0,
          "max" : 0,
          "mean" : 0.000000,
          "stddev" : 0.000000,
          "N" : 0
        },
        "clat_ns" : {
          "min" : 0,
          "max" : 0,
          "mean" : 0.000000,
          "stddev" : 0.000000,
          "N" : 0
        },
        "lat_ns" : {
          "min" : 0,
          "max" : 0,
          "mean" : 0.000000,
          "stddev" : 0.000000,
          "N" : 0
        },
        "bw_min" : 0,
        "bw_max" : 0,
        "bw_agg" : 0.000000,
        "bw_mean" : 0.000000,
        "bw_dev" : 0.000000,
        "bw_samples" : 0,
        "iops_min" : 0,
        "iops_max" : 0,
        "iops_mean" : 0.000000,
        "iops_stddev" : 0.000000,
        "iops_samples" : 0
      },
      "write" : {
        "io_bytes" : 10873864192,
        "io_kbytes" : 10619008,
        "bw_bytes" : 1087277691,
        "bw" : 1061794,
        "iops" : 16590.540946,
        "runtime" : 10001,
        "total_ios" : 165922,
        "short_ios" : 0,
        "drop_ios" : 0,
        "slat_ns" : {
          "min" : 2709,
          "max" : 1487603,
          "mean" : 46344.321766,
          "stddev" : 61726.050341,
          "N" : 165922
        },
        "clat_ns" : {
          "min" : 666,
          "max" : 41978582,
          "mean" : 193985.548053,
          "stddev" : 222341.600346,
          "N" : 165922,
          "percentile" : {
            "1.000000" : 1336,
            "5.000000" : 89600,
            "10.000000" : 105984,
            "20.000000" : 127488,
            "30.000000" : 144384,
            "40.000000" : 160768,
            "50.000000" : 179200,
            "60.000000" : 199680,
            "70.000000" : 224256,
            "80.000000" : 257024,
            "90.000000" : 305152,
            "95.000000" : 350208,
            "99.000000" : 436224,
            "99.500000" : 477184,
            "99.900000" : 585728,
            "99.950000" : 667648,
            "99.990000" : 1482752
          }
        },
        "lat_ns" : {
          "min" : 61877,
          "max" : 41993333,
          "mean" : 240329.869818,
          "stddev" : 226333.361998,
          "N" : 165922
        },
        "bw_min" : 976896,
        "bw_max" : 1096960,
        "bw_agg" : 100.000000,
        "bw_mean" : 1061900.800000,
        "bw_dev" : 6639.541872,
        "bw_samples" : 80,
        "iops_min" : 15264,
        "iops_max" : 17140,
        "iops_mean" : 16592.200000,
        "iops_stddev" : 103.742842,
        "iops_samples" : 80
      },
      "trim" : {
        "io_bytes" : 0,
        "io_kbytes" : 0,
        "bw_bytes" : 0,
        "bw" : 0,
        "iops" : 0.000000,
        "runtime" : 0,
        "total_ios" : 0,
        "short_ios" : 0,
        "drop_ios" : 0,
        "slat_ns" : {
          "min" : 0,
          "max" : 0,
          "mean" : 0.000000,
          "stddev" : 0.000000,
          "N" : 0
        },
        "clat_ns" : {
          "min" : 0,
          "max" : 0,
          "mean" : 0.000000,
          "stddev" : 0.000000,
          "N" : 0
        },
        "lat_ns" : {
          "min" : 0,
          "max" : 0,
          "mean" : 0.000000,
          "stddev" : 0.000000,
          "N" : 0
        },
        "bw_min" : 0,
        "bw_max" : 0,
        "bw_agg" : 0.000000,
        "bw_mean" : 0.000000,
        "bw_dev" : 0.000000,
        "bw_samples" : 0,
        "iops_min" : 0,
        "iops_max" : 0,
        "iops_mean" : 0.000000,
        "iops_stddev" : 0.000000,
        "iops_samples" : 0
      },
      "sync" : {
        "total_ios" : 0,
        "lat_ns" : {
          "min" : 0,
          "max" : 0,
          "mean" : 0.000000,
          "stddev" : 0.000000,
          "N" : 0
        }
      },
      "job_runtime" : 40000,
      "usr_cpu" : 1.755000,
      "sys_cpu" : 18.670000,
      "ctx" : 172555,
      "majf" : 0,
      "minf" : 75,
      "iodepth_level" : {
        "1" : 100.000000,
        "2" : 0.000000,
        "4" : 0.000000,
        "8" : 0.000000,
        "16" : 0.000000,
        "32" : 0.000000,
        ">=64" : 0.000000
      },
      "iodepth_submit" : {
        "0" : 0.000000,
        "4" : 100.000000,
        "8" : 0.000000,
        "16" : 0.000000,
        "32" : 0.000000,
        "64" : 0.000000,
        ">=64" : 0.000000
      },
      "iodepth_complete" : {
        "0" : 0.000000,
        "4" : 100.000000,
        "8" : 0.000000,
        "16" : 0.000000,
        "32" : 0.000000,
        "64" : 0.000000,
        ">=64" : 0.000000
      },
      "latency_ns" : {
        "2" : 0.000000,
        "4" : 0.000000,
        "10" : 0.000000,
        "20" : 0.000000,
        "50" : 0.000000,
        "100" : 0.000000,
        "250" : 0.000000,
        "500" : 0.000000,
        "750" : 0.010000,
        "1000" : 0.170562
      },
      "latency_us" : {
        "2" : 2.571690,
        "4" : 0.017478,
        "10" : 0.138619,
        "20" : 0.012657,
        "50" : 0.104869,
        "100" : 4.758260,
        "250" : 70.492762,
        "500" : 21.384747,
        "750" : 0.311592,
        "1000" : 0.012657
      },
      "latency_ms" : {
        "2" : 0.012657,
        "4" : 0.010000,
        "10" : 0.000000,
        "20" : 0.000000,
        "50" : 0.010000,
        "100" : 0.000000,
        "250" : 0.000000,
        "500" : 0.000000,
        "750" : 0.000000,
        "1000" : 0.000000,
        "2000" : 0.000000,
        ">=2000" : 0.000000
      },
      "latency_depth" : 1,
      "latency_target" : 0,
      "latency_percentile" : 100.000000,
      "latency_window" : 0
    }
  ]
}
