{
  "fio version" : "fio-3.41",
  "timestamp" : 1765450440,
  "timestamp_ms" : 1765450440643,
  "time" : "Thu Dec 11 10:54:00 2025",
  "jobs" : [
    {
      "jobname" : "sequential-write-64k",
      "groupid" : 0,
      "job_start" : 1765450430498,
      "error" : 0,
      "eta" : 0,
      "elapsed" : 11,
      "job options" : {
        "name" : "sequential-write-64k",
        "filename" : "/tmp/testfile",
        "ioengine" : "libaio",
        "rw" : "write",
        "bs" : "64k",
        "size" : "200M",
        "numjobs" : "4",
        "runtime" : "10",
        "time_based" : "",
        "group_reporting" : "",
        "direct" : "1"
      },
      "read" : {
        "io_bytes" : 0,
        "io_kbytes" : 0,
        "bw_bytes" : 0,
        "bw" : 0,
        "iops" : 0.000000,
        "runtime" : 0,
        "total_ios" : 0,
        "short_ios" : 0,
        "drop_ios" : 0,
        "slat_ns" : {
          "min" : 0,
          "max" : 0,
          "mean" : 0.000000,
          "stddev" : 0.000000,
          "N" : 0
        },
        "clat_ns" : {
          "min" : 0,
          "max" : 0,
          "mean" : 0.000000,
          "stddev" : 0.000000,
          "N" : 0
        },
        "lat_ns" : {
          "min" : 0,
          "max" : 0,
          "mean" : 0.000000,
          "stddev" : 0.000000,
          "N" : 0
        },
        "bw_min" : 0,
        "bw_max" : 0,
        "bw_agg" : 0.000000,
        "bw_mean" : 0.000000,
        "bw_dev" : 0.000000,
        "bw_samples" : 0,
        "iops_min" : 0,
        "iops_max" : 0,
        "iops_mean" : 0.000000,
        "iops_stddev" : 0.000000,
        "iops_samples" : 0
      },
      "write" : {
        "io_bytes" : 10851844096,
        "io_kbytes" : 10597504,
        "bw_bytes" : 1085075902,
        "bw" : 1059644,
        "iops" : 16556.944306,
        "runtime" : 10001,
        "total_ios" : 165586,
        "short_ios" : 0,
        "drop_ios" : 0,
        "slat_ns" : {
          "min" : 2625,
          "max" : 1863577,
          "mean" : 47420.742605,
          "stddev" : 64012.941735,
          "N" : 165586
        },
        "clat_ns" : {
          "min" : 625,
          "max" : 2386725,
          "mean" : 193396.608814,
          "stddev" : 87833.595422,
          "N" : 165586,
          "percentile" : {
            "1.000000" : 1336,
            "5.000000" : 88576,
            "10.000000" : 104960,
            "20.000000" : 125440,
            "30.000000" : 142336,
            "40.000000" : 160768,
            "50.000000" : 179200,
            "60.000000" : 199680,
            "70.000000" : 224256,
            "80.000000" : 259072,
            "90.000000" : 309248,
            "95.000000" : 354304,
            "99.000000" : 444416,
            "99.500000" : 481280,
            "99.900000" : 569344,
            "99.950000" : 626688,
            "99.990000" : 1089536
          }
        },
        "lat_ns" : {
          "min" : 62919,
          "max" : 2399100,
          "mean" : 240817.351419,
          "stddev" : 99128.665619,
          "N" : 165586
        },
        "bw_min" : 939901,
        "bw_max" : 1104000,
        "bw_agg" : 100.000000,
        "bw_mean" : 1059679.850000,
        "bw_dev" : 9654.331349,
        "bw_samples" : 80,
        "iops_min" : 14684,
        "iops_max" : 17250,
        "iops_mean" : 16557.400000,
        "iops_stddev" : 150.921373,
        "iops_samples" : 80
      },
      "trim" : {
        "io_bytes" : 0,
        "io_kbytes" : 0,
        "bw_bytes" : 0,
        "bw" : 0,
        "iops" : 0.000000,
        "runtime" : 0,
        "total_ios" : 0,
        "short_ios" : 0,
        "drop_ios" : 0,
        "slat_ns" : {
          "min" : 0,
          "max" : 0,
          "mean" : 0.000000,
          "stddev" : 0.000000,
          "N" : 0
        },
        "clat_ns" : {
          "min" : 0,
          "max" : 0,
          "mean" : 0.000000,
          "stddev" : 0.000000,
          "N" : 0
        },
        "lat_ns" : {
          "min" : 0,
          "max" : 0,
          "mean" : 0.000000,
          "stddev" : 0.000000,
          "N" : 0
        },
        "bw_min" : 0,
        "bw_max" : 0,
        "bw_agg" : 0.000000,
        "bw_mean" : 0.000000,
        "bw_dev" : 0.000000,
        "bw_samples" : 0,
        "iops_min" : 0,
        "iops_max" : 0,
        "iops_mean" : 0.000000,
        "iops_stddev" : 0.000000,
        "iops_samples" : 0
      },
      "sync" : {
        "total_ios" : 0,
        "lat_ns" : {
          "min" : 0,
          "max" : 0,
          "mean" : 0.000000,
          "stddev" : 0.000000,
          "N" : 0
        }
      },
      "job_runtime" : 40000,
      "usr_cpu" : 1.712500,
      "sys_cpu" : 18.820000,
      "ctx" : 173360,
      "majf" : 0,
      "minf" : 69,
      "iodepth_level" : {
        "1" : 100.000000,
        "2" : 0.000000,
        "4" : 0.000000,
        "8" : 0.000000,
        "16" : 0.000000,
        "32" : 0.000000,
        ">=64" : 0.000000
      },
      "iodepth_submit" : {
        "0" : 0.000000,
        "4" : 100.000000,
        "8" : 0.000000,
        "16" : 0.000000,
        "32" : 0.000000,
        "64" : 0.000000,
        ">=64" : 0.000000
      },
      "iodepth_complete" : {
        "0" : 0.000000,
        "4" : 100.000000,
        "8" : 0.000000,
        "16" : 0.000000,
        "32" : 0.000000,
        "64" : 0.000000,
        ">=64" : 0.000000
      },
      "latency_ns" : {
        "2" : 0.000000,
        "4" : 0.000000,
        "10" : 0.000000,
        "20" : 0.000000,
        "50" : 0.000000,
        "100" : 0.000000,
        "250" : 0.000000,
        "500" : 0.000000,
        "750" : 0.010000,
        "1000" : 0.190233
      },
      "latency_us" : {
        "2" : 2.580532,
        "4" : 0.013286,
        "10" : 0.143128,
        "20" : 0.021137,
        "50" : 0.108101,
        "100" : 5.056587,
        "250" : 69.746235,
        "500" : 21.782639,
        "750" : 0.330342,
        "1000" : 0.010000
      },
      "latency_ms" : {
        "2" : 0.010000,
        "4" : 0.010000,
        "10" : 0.000000,
        "20" : 0.000000,
        "50" : 0.000000,
        "100" : 0.000000,
        "250" : 0.000000,
        "500" : 0.000000,
        "750" : 0.000000,
        "1000" : 0.000000,
        "2000" : 0.000000,
        ">=2000" : 0.000000
      },
      "latency_depth" : 1,
      "latency_target" : 0,
      "latency_percentile" : 100.000000,
      "latency_window" : 0
    }
  ]
}
