{
  "fio version" : "fio-3.41",
  "timestamp" : 1765454922,
  "timestamp_ms" : 1765454922610,
  "time" : "Thu Dec 11 12:08:42 2025",
  "jobs" : [
    {
      "jobname" : "mixed-io-70-30",
      "groupid" : 0,
      "job_start" : 1765454912332,
      "error" : 0,
      "eta" : 0,
      "elapsed" : 11,
      "job options" : {
        "name" : "mixed-io-70-30",
        "filename" : "/tmp/testfile",
        "ioengine" : "libaio",
        "rw" : "randrw",
        "bs" : "4k",
        "size" : "200M",
        "numjobs" : "4",
        "runtime" : "10",
        "time_based" : "",
        "group_reporting" : "",
        "rwmixread" : "70",
        "direct" : "1"
      },
      "read" : {
        "io_bytes" : 342482944,
        "io_kbytes" : 334456,
        "bw_bytes" : 34244869,
        "bw" : 33442,
        "iops" : 8360.563944,
        "runtime" : 10001,
        "total_ios" : 83614,
        "short_ios" : 0,
        "drop_ios" : 0,
        "slat_ns" : {
          "min" : 1250,
          "max" : 13312096,
          "mean" : 249268.183450,
          "stddev" : 262601.336269,
          "N" : 83614
        },
        "clat_ns" : {
          "min" : 208,
          "max" : 125089,
          "mean" : 693.301493,
          "stddev" : 2517.670344,
          "N" : 83614,
          "percentile" : {
            "1.000000" : 251,
            "5.000000" : 251,
            "10.000000" : 290,
            "20.000000" : 418,
            "30.000000" : 502,
            "40.000000" : 580,
            "50.000000" : 588,
            "60.000000" : 628,
            "70.000000" : 628,
            "80.000000" : 668,
            "90.000000" : 708,
            "95.000000" : 748,
            "99.000000" : 956,
            "99.500000" : 2008,
            "99.900000" : 44800,
            "99.950000" : 62208,
            "99.990000" : 89600
          }
        },
        "lat_ns" : {
          "min" : 1500,
          "max" : 13313304,
          "mean" : 249961.484943,
          "stddev" : 262727.302382,
          "N" : 83614
        },
        "bw_min" : 28904,
        "bw_max" : 37312,
        "bw_agg" : 100.000000,
        "bw_mean" : 33445.600000,
        "bw_dev" : 661.463326,
        "bw_samples" : 80,
        "iops_min" : 7226,
        "iops_max" : 9328,
        "iops_mean" : 8361.400000,
        "iops_stddev" : 165.365832,
        "iops_samples" : 80
      },
      "write" : {
        "io_bytes" : 148230144,
        "io_kbytes" : 144756,
        "bw_bytes" : 14821532,
        "bw" : 14474,
        "iops" : 3618.538146,
        "runtime" : 10001,
        "total_ios" : 36189,
        "short_ios" : 0,
        "drop_ios" : 0,
        "slat_ns" : {
          "min" : 124088,
          "max" : 12614192,
          "mean" : 525892.405344,
          "stddev" : 349443.139507,
          "N" : 36189
        },
        "clat_ns" : {
          "min" : 333,
          "max" : 128131,
          "mean" : 758.405289,
          "stddev" : 2231.670680,
          "N" : 36189,
          "percentile" : {
            "1.000000" : 418,
            "5.000000" : 502,
            "10.000000" : 540,
            "20.000000" : 580,
            "30.000000" : 628,
            "40.000000" : 628,
            "50.000000" : 628,
            "60.000000" : 668,
            "70.000000" : 668,
            "80.000000" : 708,
            "90.000000" : 748,
            "95.000000" : 796,
            "99.000000" : 1368,
            "99.500000" : 2544,
            "99.900000" : 38656,
            "99.950000" : 54016,
            "99.990000" : 82432
          }
        },
        "lat_ns" : {
          "min" : 124505,
          "max" : 12615692,
          "mean" : 526650.810633,
          "stddev" : 349605.076815,
          "N" : 36189
        },
        "bw_min" : 12696,
        "bw_max" : 16352,
        "bw_agg" : 100.000000,
        "bw_mean" : 14475.600000,
        "bw_dev" : 263.844296,
        "bw_samples" : 80,
        "iops_min" : 3174,
        "iops_max" : 4088,
        "iops_mean" : 3618.900000,
        "iops_stddev" : 65.961074,
        "iops_samples" : 80
      },
      "trim" : {
        "io_bytes" : 0,
        "io_kbytes" : 0,
        "bw_bytes" : 0,
        "bw" : 0,
        "iops" : 0.000000,
        "runtime" : 0,
        "total_ios" : 0,
        "short_ios" : 0,
        "drop_ios" : 0,
        "slat_ns" : {
          "min" : 0,
          "max" : 0,
          "mean" : 0.000000,
          "stddev" : 0.000000,
          "N" : 0
        },
        "clat_ns" : {
          "min" : 0,
          "max" : 0,
          "mean" : 0.000000,
          "stddev" : 0.000000,
          "N" : 0
        },
        "lat_ns" : {
          "min" : 0,
          "max" : 0,
          "mean" : 0.000000,
          "stddev" : 0.000000,
          "N" : 0
        },
        "bw_min" : 0,
        "bw_max" : 0,
        "bw_agg" : 0.000000,
        "bw_mean" : 0.000000,
        "bw_dev" : 0.000000,
        "bw_samples" : 0,
        "iops_min" : 0,
        "iops_max" : 0,
        "iops_mean" : 0.000000,
        "iops_stddev" : 0.000000,
        "iops_samples" : 0
      },
      "sync" : {
        "total_ios" : 0,
        "lat_ns" : {
          "min" : 0,
          "max" : 0,
          "mean" : 0.000000,
          "stddev" : 0.000000,
          "N" : 0
        }
      },
      "job_runtime" : 40000,
      "usr_cpu" : 0.460000,
      "sys_cpu" : 9.030000,
      "ctx" : 218602,
      "majf" : 3,
      "minf" : 96,
      "iodepth_level" : {
        "1" : 100.000000,
        "2" : 0.000000,
        "4" : 0.000000,
        "8" : 0.000000,
        "16" : 0.000000,
        "32" : 0.000000,
        ">=64" : 0.000000
      },
      "iodepth_submit" : {
        "0" : 0.000000,
        "4" : 100.000000,
        "8" : 0.000000,
        "16" : 0.000000,
        "32" : 0.000000,
        "64" : 0.000000,
        ">=64" : 0.000000
      },
      "iodepth_complete" : {
        "0" : 0.000000,
        "4" : 100.000000,
        "8" : 0.000000,
        "16" : 0.000000,
        "32" : 0.000000,
        "64" : 0.000000,
        ">=64" : 0.000000
      },
      "latency_ns" : {
        "2" : 0.000000,
        "4" : 0.000000,
        "10" : 0.000000,
        "20" : 0.000000,
        "50" : 0.000000,
        "100" : 0.000000,
        "250" : 0.288807,
        "500" : 17.517091,
        "750" : 73.947230,
        "1000" : 7.110006
      },
      "latency_us" : {
        "2" : 0.585127,
        "4" : 0.154420,
        "10" : 0.045074,
        "20" : 0.076793,
        "50" : 0.200329,
        "100" : 0.069280,
        "250" : 0.010000,
        "500" : 0.000000,
        "750" : 0.000000,
        "1000" : 0.000000
      },
      "latency_ms" : {
        "2" : 0.000000,
        "4" : 0.000000,
        "10" : 0.000000,
        "20" : 0.000000,
        "50" : 0.000000,
        "100" : 0.000000,
        "250" : 0.000000,
        "500" : 0.000000,
        "750" : 0.000000,
        "1000" : 0.000000,
        "2000" : 0.000000,
        ">=2000" : 0.000000
      },
      "latency_depth" : 1,
      "latency_target" : 0,
      "latency_percentile" : 100.000000,
      "latency_window" : 0
    }
  ]
}
