{
  "fio version" : "fio-3.41",
  "timestamp" : 1765450649,
  "timestamp_ms" : 1765450649339,
  "time" : "Thu Dec 11 10:57:29 2025",
  "jobs" : [
    {
      "jobname" : "random-read-4k",
      "groupid" : 0,
      "job_start" : 1765450639150,
      "error" : 0,
      "eta" : 0,
      "elapsed" : 11,
      "job options" : {
        "name" : "random-read-4k",
        "filename" : "/tmp/testfile",
        "ioengine" : "libaio",
        "rw" : "randread",
        "bs" : "4k",
        "size" : "200M",
        "numjobs" : "4",
        "runtime" : "10",
        "time_based" : "",
        "group_reporting" : "",
        "direct" : "1"
      },
      "read" : {
        "io_bytes" : 673103872,
        "io_kbytes" : 657328,
        "bw_bytes" : 67303656,
        "bw" : 65726,
        "iops" : 16431.556844,
        "runtime" : 10001,
        "total_ios" : 164332,
        "short_ios" : 0,
        "drop_ios" : 0,
        "slat_ns" : {
          "min" : 1916,
          "max" : 3159840,
          "mean" : 27026.316713,
          "stddev" : 49019.596505,
          "N" : 164332
        },
        "clat_ns" : {
          "min" : 583,
          "max" : 8867202,
          "mean" : 215514.304536,
          "stddev" : 118515.426564,
          "N" : 164332,
          "percentile" : {
            "1.000000" : 1160,
            "5.000000" : 94720,
            "10.000000" : 126464,
            "20.000000" : 154624,
            "30.000000" : 173056,
            "40.000000" : 189440,
            "50.000000" : 205824,
            "60.000000" : 224256,
            "70.000000" : 244736,
            "80.000000" : 272384,
            "90.000000" : 317440,
            "95.000000" : 358400,
            "99.000000" : 464896,
            "99.500000" : 528384,
            "99.900000" : 864256,
            "99.950000" : 1449984,
            "99.990000" : 4358144
          }
        },
        "lat_ns" : {
          "min" : 58169,
          "max" : 8872536,
          "mean" : 242540.621248,
          "stddev" : 116917.632936,
          "N" : 164332
        },
        "bw_min" : 58888,
        "bw_max" : 69272,
        "bw_agg" : 100.000000,
        "bw_mean" : 65732.800000,
        "bw_dev" : 636.615927,
        "bw_samples" : 80,
        "iops_min" : 14722,
        "iops_max" : 17318,
        "iops_mean" : 16433.200000,
        "iops_stddev" : 159.153982,
        "iops_samples" : 80
      },
      "write" : {
        "io_bytes" : 0,
        "io_kbytes" : 0,
        "bw_bytes" : 0,
        "bw" : 0,
        "iops" : 0.000000,
        "runtime" : 0,
        "total_ios" : 0,
        "short_ios" : 0,
        "drop_ios" : 0,
        "slat_ns" : {
          "min" : 0,
          "max" : 0,
          "mean" : 0.000000,
          "stddev" : 0.000000,
          "N" : 0
        },
        "clat_ns" : {
          "min" : 0,
          "max" : 0,
          "mean" : 0.000000,
          "stddev" : 0.000000,
          "N" : 0
        },
        "lat_ns" : {
          "min" : 0,
          "max" : 0,
          "mean" : 0.000000,
          "stddev" : 0.000000,
          "N" : 0
        },
        "bw_min" : 0,
        "bw_max" : 0,
        "bw_agg" : 0.000000,
        "bw_mean" : 0.000000,
        "bw_dev" : 0.000000,
        "bw_samples" : 0,
        "iops_min" : 0,
        "iops_max" : 0,
        "iops_mean" : 0.000000,
        "iops_stddev" : 0.000000,
        "iops_samples" : 0
      },
      "trim" : {
        "io_bytes" : 0,
        "io_kbytes" : 0,
        "bw_bytes" : 0,
        "bw" : 0,
        "iops" : 0.000000,
        "runtime" : 0,
        "total_ios" : 0,
        "short_ios" : 0,
        "drop_ios" : 0,
        "slat_ns" : {
          "min" : 0,
          "max" : 0,
          "mean" : 0.000000,
          "stddev" : 0.000000,
          "N" : 0
        },
        "clat_ns" : {
          "min" : 0,
          "max" : 0,
          "mean" : 0.000000,
          "stddev" : 0.000000,
          "N" : 0
        },
        "lat_ns" : {
          "min" : 0,
          "max" : 0,
          "mean" : 0.000000,
          "stddev" : 0.000000,
          "N" : 0
        },
        "bw_min" : 0,
        "bw_max" : 0,
        "bw_agg" : 0.000000,
        "bw_mean" : 0.000000,
        "bw_dev" : 0.000000,
        "bw_samples" : 0,
        "iops_min" : 0,
        "iops_max" : 0,
        "iops_mean" : 0.000000,
        "iops_stddev" : 0.000000,
        "iops_samples" : 0
      },
      "sync" : {
        "total_ios" : 0,
        "lat_ns" : {
          "min" : 0,
          "max" : 0,
          "mean" : 0.000000,
          "stddev" : 0.000000,
          "N" : 0
        }
      },
      "job_runtime" : 40000,
      "usr_cpu" : 1.252500,
      "sys_cpu" : 13.742500,
      "ctx" : 164853,
      "majf" : 0,
      "minf" : 79,
      "iodepth_level" : {
        "1" : 100.000000,
        "2" : 0.000000,
        "4" : 0.000000,
        "8" : 0.000000,
        "16" : 0.000000,
        "32" : 0.000000,
        ">=64" : 0.000000
      },
      "iodepth_submit" : {
        "0" : 0.000000,
        "4" : 100.000000,
        "8" : 0.000000,
        "16" : 0.000000,
        "32" : 0.000000,
        "64" : 0.000000,
        ">=64" : 0.000000
      },
      "iodepth_complete" : {
        "0" : 0.000000,
        "4" : 100.000000,
        "8" : 0.000000,
        "16" : 0.000000,
        "32" : 0.000000,
        "64" : 0.000000,
        ">=64" : 0.000000
      },
      "latency_ns" : {
        "2" : 0.000000,
        "4" : 0.000000,
        "10" : 0.000000,
        "20" : 0.000000,
        "50" : 0.000000,
        "100" : 0.000000,
        "250" : 0.000000,
        "500" : 0.000000,
        "750" : 0.047465,
        "1000" : 0.416231
      },
      "latency_us" : {
        "2" : 1.627802,
        "4" : 0.034686,
        "10" : 0.016430,
        "20" : 0.052942,
        "50" : 0.511160,
        "100" : 2.800428,
        "250" : 66.766059,
        "500" : 27.076285,
        "750" : 0.517246,
        "1000" : 0.052942
      },
      "latency_ms" : {
        "2" : 0.048682,
        "4" : 0.018864,
        "10" : 0.012779,
        "20" : 0.000000,
        "50" : 0.000000,
        "100" : 0.000000,
        "250" : 0.000000,
        "500" : 0.000000,
        "750" : 0.000000,
        "1000" : 0.000000,
        "2000" : 0.000000,
        ">=2000" : 0.000000
      },
      "latency_depth" : 1,
      "latency_target" : 0,
      "latency_percentile" : 100.000000,
      "latency_window" : 0
    }
  ]
}
