{
  "fio version" : "fio-3.41",
  "timestamp" : 1765450354,
  "timestamp_ms" : 1765450354032,
  "time" : "Thu Dec 11 10:52:34 2025",
  "jobs" : [
    {
      "jobname" : "mixed-io-70-30",
      "groupid" : 0,
      "job_start" : 1765450343821,
      "error" : 0,
      "eta" : 0,
      "elapsed" : 11,
      "job options" : {
        "name" : "mixed-io-70-30",
        "filename" : "/tmp/testfile",
        "ioengine" : "libaio",
        "rw" : "randrw",
        "bs" : "4k",
        "size" : "200M",
        "numjobs" : "4",
        "runtime" : "10",
        "time_based" : "",
        "group_reporting" : "",
        "rwmixread" : "70",
        "direct" : "1"
      },
      "read" : {
        "io_bytes" : 543502336,
        "io_kbytes" : 530764,
        "bw_bytes" : 54344799,
        "bw" : 53071,
        "iops" : 13267.773223,
        "runtime" : 10001,
        "total_ios" : 132691,
        "short_ios" : 0,
        "drop_ios" : 0,
        "slat_ns" : {
          "min" : 1333,
          "max" : 1144422,
          "mean" : 24463.474147,
          "stddev" : 36736.366267,
          "N" : 132691
        },
        "clat_ns" : {
          "min" : 709,
          "max" : 2599025,
          "mean" : 179961.300224,
          "stddev" : 88824.970211,
          "N" : 132691,
          "percentile" : {
            "1.000000" : 1464,
            "5.000000" : 74240,
            "10.000000" : 89600,
            "20.000000" : 110080,
            "30.000000" : 126464,
            "40.000000" : 144384,
            "50.000000" : 160768,
            "60.000000" : 183296,
            "70.000000" : 211968,
            "80.000000" : 248832,
            "90.000000" : 301056,
            "95.000000" : 346112,
            "99.000000" : 432128,
            "99.500000" : 468992,
            "99.900000" : 552960,
            "99.950000" : 585728,
            "99.990000" : 1122304
          }
        },
        "lat_ns" : {
          "min" : 48668,
          "max" : 2612234,
          "mean" : 204424.774371,
          "stddev" : 87180.143753,
          "N" : 132691
        },
        "bw_min" : 50552,
        "bw_max" : 56760,
        "bw_agg" : 99.997941,
        "bw_mean" : 53070.700000,
        "bw_dev" : 409.520552,
        "bw_samples" : 80,
        "iops_min" : 12638,
        "iops_max" : 14190,
        "iops_mean" : 13267.600000,
        "iops_stddev" : 102.344226,
        "iops_samples" : 80
      },
      "write" : {
        "io_bytes" : 234823680,
        "io_kbytes" : 229320,
        "bw_bytes" : 23480019,
        "bw" : 22929,
        "iops" : 5732.426757,
        "runtime" : 10001,
        "total_ios" : 57330,
        "short_ios" : 0,
        "drop_ios" : 0,
        "slat_ns" : {
          "min" : 1584,
          "max" : 524439,
          "mean" : 27839.876522,
          "stddev" : 39047.625749,
          "N" : 57330
        },
        "clat_ns" : {
          "min" : 833,
          "max" : 2008667,
          "mean" : 193964.360858,
          "stddev" : 95347.107411,
          "N" : 57330,
          "percentile" : {
            "1.000000" : 1464,
            "5.000000" : 82432,
            "10.000000" : 98816,
            "20.000000" : 119296,
            "30.000000" : 136192,
            "40.000000" : 154624,
            "50.000000" : 173056,
            "60.000000" : 197632,
            "70.000000" : 226304,
            "80.000000" : 268288,
            "90.000000" : 325632,
            "95.000000" : 370688,
            "99.000000" : 468992,
            "99.500000" : 509952,
            "99.900000" : 610304,
            "99.950000" : 667648,
            "99.990000" : 1499136
          }
        },
        "lat_ns" : {
          "min" : 56128,
          "max" : 2011501,
          "mean" : 221804.237380,
          "stddev" : 95085.130598,
          "N" : 57330
        },
        "bw_min" : 21576,
        "bw_max" : 24379,
        "bw_agg" : 99.996921,
        "bw_mean" : 22929.550000,
        "bw_dev" : 198.578638,
        "bw_samples" : 80,
        "iops_min" : 5394,
        "iops_max" : 6094,
        "iops_mean" : 5732.350000,
        "iops_stddev" : 49.626153,
        "iops_samples" : 80
      },
      "trim" : {
        "io_bytes" : 0,
        "io_kbytes" : 0,
        "bw_bytes" : 0,
        "bw" : 0,
        "iops" : 0.000000,
        "runtime" : 0,
        "total_ios" : 0,
        "short_ios" : 0,
        "drop_ios" : 0,
        "slat_ns" : {
          "min" : 0,
          "max" : 0,
          "mean" : 0.000000,
          "stddev" : 0.000000,
          "N" : 0
        },
        "clat_ns" : {
          "min" : 0,
          "max" : 0,
          "mean" : 0.000000,
          "stddev" : 0.000000,
          "N" : 0
        },
        "lat_ns" : {
          "min" : 0,
          "max" : 0,
          "mean" : 0.000000,
          "stddev" : 0.000000,
          "N" : 0
        },
        "bw_min" : 0,
        "bw_max" : 0,
        "bw_agg" : 0.000000,
        "bw_mean" : 0.000000,
        "bw_dev" : 0.000000,
        "bw_samples" : 0,
        "iops_min" : 0,
        "iops_max" : 0,
        "iops_mean" : 0.000000,
        "iops_stddev" : 0.000000,
        "iops_samples" : 0
      },
      "sync" : {
        "total_ios" : 0,
        "lat_ns" : {
          "min" : 0,
          "max" : 0,
          "mean" : 0.000000,
          "stddev" : 0.000000,
          "N" : 0
        }
      },
      "job_runtime" : 40000,
      "usr_cpu" : 2.045000,
      "sys_cpu" : 22.160000,
      "ctx" : 185876,
      "majf" : 0,
      "minf" : 87,
      "iodepth_level" : {
        "1" : 100.000000,
        "2" : 0.000000,
        "4" : 0.000000,
        "8" : 0.000000,
        "16" : 0.000000,
        "32" : 0.000000,
        ">=64" : 0.000000
      },
      "iodepth_submit" : {
        "0" : 0.000000,
        "4" : 100.000000,
        "8" : 0.000000,
        "16" : 0.000000,
        "32" : 0.000000,
        "64" : 0.000000,
        ">=64" : 0.000000
      },
      "iodepth_complete" : {
        "0" : 0.000000,
        "4" : 100.000000,
        "8" : 0.000000,
        "16" : 0.000000,
        "32" : 0.000000,
        "64" : 0.000000,
        ">=64" : 0.000000
      },
      "latency_ns" : {
        "2" : 0.000000,
        "4" : 0.000000,
        "10" : 0.000000,
        "20" : 0.000000,
        "50" : 0.000000,
        "100" : 0.000000,
        "250" : 0.000000,
        "500" : 0.000000,
        "750" : 0.010000,
        "1000" : 0.114198
      },
      "latency_us" : {
        "2" : 2.416049,
        "4" : 0.027365,
        "10" : 0.014735,
        "20" : 0.010000,
        "50" : 0.028944,
        "100" : 10.756706,
        "250" : 65.614853,
        "500" : 20.675083,
        "750" : 0.331016,
        "1000" : 0.010000
      },
      "latency_ms" : {
        "2" : 0.011051,
        "4" : 0.010000,
        "10" : 0.000000,
        "20" : 0.000000,
        "50" : 0.000000,
        "100" : 0.000000,
        "250" : 0.000000,
        "500" : 0.000000,
        "750" : 0.000000,
        "1000" : 0.000000,
        "2000" : 0.000000,
        ">=2000" : 0.000000
      },
      "latency_depth" : 1,
      "latency_target" : 0,
      "latency_percentile" : 100.000000,
      "latency_window" : 0
    }
  ]
}
