{
  "fio version" : "fio-3.41",
  "timestamp" : 1765450601,
  "timestamp_ms" : 1765450601490,
  "time" : "Thu Dec 11 10:56:41 2025",
  "jobs" : [
    {
      "jobname" : "mixed-io-70-30",
      "groupid" : 0,
      "job_start" : 1765450591349,
      "error" : 0,
      "eta" : 0,
      "elapsed" : 11,
      "job options" : {
        "name" : "mixed-io-70-30",
        "filename" : "/tmp/testfile",
        "ioengine" : "libaio",
        "rw" : "randrw",
        "bs" : "4k",
        "size" : "200M",
        "numjobs" : "4",
        "runtime" : "10",
        "time_based" : "",
        "group_reporting" : "",
        "rwmixread" : "70",
        "direct" : "1"
      },
      "read" : {
        "io_bytes" : 432664576,
        "io_kbytes" : 422524,
        "bw_bytes" : 43262131,
        "bw" : 42248,
        "iops" : 10562.043796,
        "runtime" : 10001,
        "total_ios" : 105631,
        "short_ios" : 0,
        "drop_ios" : 0,
        "slat_ns" : {
          "min" : 2333,
          "max" : 1187425,
          "mean" : 50535.696311,
          "stddev" : 76005.406269,
          "N" : 105631
        },
        "clat_ns" : {
          "min" : 666,
          "max" : 10056753,
          "mean" : 219395.898950,
          "stddev" : 106087.351040,
          "N" : 105631,
          "percentile" : {
            "1.000000" : 1464,
            "5.000000" : 90624,
            "10.000000" : 117248,
            "20.000000" : 146432,
            "30.000000" : 168960,
            "40.000000" : 189440,
            "50.000000" : 209920,
            "60.000000" : 232448,
            "70.000000" : 257024,
            "80.000000" : 288768,
            "90.000000" : 337920,
            "95.000000" : 382976,
            "99.000000" : 473088,
            "99.500000" : 514048,
            "99.900000" : 618496,
            "99.950000" : 684032,
            "99.990000" : 1187840
          }
        },
        "lat_ns" : {
          "min" : 58920,
          "max" : 10100421,
          "mean" : 269931.595261,
          "stddev" : 121278.938865,
          "N" : 105631
        },
        "bw_min" : 40624,
        "bw_max" : 44416,
        "bw_agg" : 100.000000,
        "bw_mean" : 42252.400000,
        "bw_dev" : 246.005290,
        "bw_samples" : 80,
        "iops_min" : 10156,
        "iops_max" : 11104,
        "iops_mean" : 10563.100000,
        "iops_stddev" : 61.501322,
        "iops_samples" : 80
      },
      "write" : {
        "io_bytes" : 187056128,
        "io_kbytes" : 182672,
        "bw_bytes" : 18703742,
        "bw" : 18265,
        "iops" : 4566.343366,
        "runtime" : 10001,
        "total_ios" : 45668,
        "short_ios" : 0,
        "drop_ios" : 0,
        "slat_ns" : {
          "min" : 4459,
          "max" : 1990374,
          "mean" : 76267.451366,
          "stddev" : 98407.259921,
          "N" : 45668
        },
        "clat_ns" : {
          "min" : 625,
          "max" : 9935539,
          "mean" : 172148.664667,
          "stddev" : 102097.347267,
          "N" : 45668,
          "percentile" : {
            "1.000000" : 1004,
            "5.000000" : 1624,
            "10.000000" : 74240,
            "20.000000" : 103936,
            "30.000000" : 124416,
            "40.000000" : 144384,
            "50.000000" : 164864,
            "60.000000" : 185344,
            "70.000000" : 209920,
            "80.000000" : 240640,
            "90.000000" : 284672,
            "95.000000" : 329728,
            "99.000000" : 419840,
            "99.500000" : 460800,
            "99.900000" : 561152,
            "99.950000" : 626688,
            "99.990000" : 987136
          }
        },
        "lat_ns" : {
          "min" : 50961,
          "max" : 9974666,
          "mean" : 248416.116033,
          "stddev" : 129579.209443,
          "N" : 45668
        },
        "bw_min" : 16888,
        "bw_max" : 19696,
        "bw_agg" : 100.000000,
        "bw_mean" : 18267.200000,
        "bw_dev" : 179.078485,
        "bw_samples" : 80,
        "iops_min" : 4222,
        "iops_max" : 4924,
        "iops_mean" : 4566.800000,
        "iops_stddev" : 44.769621,
        "iops_samples" : 80
      },
      "trim" : {
        "io_bytes" : 0,
        "io_kbytes" : 0,
        "bw_bytes" : 0,
        "bw" : 0,
        "iops" : 0.000000,
        "runtime" : 0,
        "total_ios" : 0,
        "short_ios" : 0,
        "drop_ios" : 0,
        "slat_ns" : {
          "min" : 0,
          "max" : 0,
          "mean" : 0.000000,
          "stddev" : 0.000000,
          "N" : 0
        },
        "clat_ns" : {
          "min" : 0,
          "max" : 0,
          "mean" : 0.000000,
          "stddev" : 0.000000,
          "N" : 0
        },
        "lat_ns" : {
          "min" : 0,
          "max" : 0,
          "mean" : 0.000000,
          "stddev" : 0.000000,
          "N" : 0
        },
        "bw_min" : 0,
        "bw_max" : 0,
        "bw_agg" : 0.000000,
        "bw_mean" : 0.000000,
        "bw_dev" : 0.000000,
        "bw_samples" : 0,
        "iops_min" : 0,
        "iops_max" : 0,
        "iops_mean" : 0.000000,
        "iops_stddev" : 0.000000,
        "iops_samples" : 0
      },
      "sync" : {
        "total_ios" : 0,
        "lat_ns" : {
          "min" : 0,
          "max" : 0,
          "mean" : 0.000000,
          "stddev" : 0.000000,
          "N" : 0
        }
      },
      "job_runtime" : 40000,
      "usr_cpu" : 1.310000,
      "sys_cpu" : 16.257500,
      "ctx" : 176807,
      "majf" : 0,
      "minf" : 93,
      "iodepth_level" : {
        "1" : 100.000000,
        "2" : 0.000000,
        "4" : 0.000000,
        "8" : 0.000000,
        "16" : 0.000000,
        "32" : 0.000000,
        ">=64" : 0.000000
      },
      "iodepth_submit" : {
        "0" : 0.000000,
        "4" : 100.000000,
        "8" : 0.000000,
        "16" : 0.000000,
        "32" : 0.000000,
        "64" : 0.000000,
        ">=64" : 0.000000
      },
      "iodepth_complete" : {
        "0" : 0.000000,
        "4" : 100.000000,
        "8" : 0.000000,
        "16" : 0.000000,
        "32" : 0.000000,
        "64" : 0.000000,
        ">=64" : 0.000000
      },
      "latency_ns" : {
        "2" : 0.000000,
        "4" : 0.000000,
        "10" : 0.000000,
        "20" : 0.000000,
        "50" : 0.000000,
        "100" : 0.000000,
        "250" : 0.000000,
        "500" : 0.000000,
        "750" : 0.011236,
        "1000" : 0.320557
      },
      "latency_us" : {
        "2" : 2.772655,
        "4" : 0.101785,
        "10" : 0.315270,
        "20" : 0.180437,
        "50" : 0.559158,
        "100" : 5.635199,
        "250" : 62.006358,
        "500" : 27.583791,
        "750" : 0.487776,
        "1000" : 0.013219
      },
      "latency_ms" : {
        "2" : 0.010000,
        "4" : 0.010000,
        "10" : 0.010000,
        "20" : 0.010000,
        "50" : 0.000000,
        "100" : 0.000000,
        "250" : 0.000000,
        "500" : 0.000000,
        "750" : 0.000000,
        "1000" : 0.000000,
        "2000" : 0.000000,
        ">=2000" : 0.000000
      },
      "latency_depth" : 1,
      "latency_target" : 0,
      "latency_percentile" : 100.000000,
      "latency_window" : 0
    }
  ]
}
