{
  "fio version" : "fio-3.41",
  "timestamp" : 1765450402,
  "timestamp_ms" : 1765450402721,
  "time" : "Thu Dec 11 10:53:22 2025",
  "jobs" : [
    {
      "jobname" : "random-read-4k",
      "groupid" : 0,
      "job_start" : 1765450392503,
      "error" : 0,
      "eta" : 0,
      "elapsed" : 11,
      "job options" : {
        "name" : "random-read-4k",
        "filename" : "/tmp/testfile",
        "ioengine" : "libaio",
        "rw" : "randread",
        "bs" : "4k",
        "size" : "200M",
        "numjobs" : "4",
        "runtime" : "10",
        "time_based" : "",
        "group_reporting" : "",
        "direct" : "1"
      },
      "read" : {
        "io_bytes" : 782934016,
        "io_kbytes" : 764584,
        "bw_bytes" : 78285573,
        "bw" : 76450,
        "iops" : 19112.688731,
        "runtime" : 10001,
        "total_ios" : 191146,
        "short_ios" : 0,
        "drop_ios" : 0,
        "slat_ns" : {
          "min" : 1291,
          "max" : 1000584,
          "mean" : 24126.719225,
          "stddev" : 36093.150817,
          "N" : 191146
        },
        "clat_ns" : {
          "min" : 583,
          "max" : 2243385,
          "mean" : 184292.049433,
          "stddev" : 92010.994236,
          "N" : 191146,
          "percentile" : {
            "1.000000" : 1416,
            "5.000000" : 74240,
            "10.000000" : 90624,
            "20.000000" : 111104,
            "30.000000" : 128512,
            "40.000000" : 146432,
            "50.000000" : 164864,
            "60.000000" : 187392,
            "70.000000" : 218112,
            "80.000000" : 257024,
            "90.000000" : 313344,
            "95.000000" : 358400,
            "99.000000" : 448512,
            "99.500000" : 485376,
            "99.900000" : 577536,
            "99.950000" : 626688,
            "99.990000" : 995328
          }
        },
        "lat_ns" : {
          "min" : 46961,
          "max" : 2245094,
          "mean" : 208418.768659,
          "stddev" : 90493.364021,
          "N" : 191146
        },
        "bw_min" : 73744,
        "bw_max" : 82184,
        "bw_agg" : 100.000000,
        "bw_mean" : 76458.400000,
        "bw_dev" : 545.539297,
        "bw_samples" : 80,
        "iops_min" : 18436,
        "iops_max" : 20546,
        "iops_mean" : 19114.600000,
        "iops_stddev" : 136.384824,
        "iops_samples" : 80
      },
      "write" : {
        "io_bytes" : 0,
        "io_kbytes" : 0,
        "bw_bytes" : 0,
        "bw" : 0,
        "iops" : 0.000000,
        "runtime" : 0,
        "total_ios" : 0,
        "short_ios" : 0,
        "drop_ios" : 0,
        "slat_ns" : {
          "min" : 0,
          "max" : 0,
          "mean" : 0.000000,
          "stddev" : 0.000000,
          "N" : 0
        },
        "clat_ns" : {
          "min" : 0,
          "max" : 0,
          "mean" : 0.000000,
          "stddev" : 0.000000,
          "N" : 0
        },
        "lat_ns" : {
          "min" : 0,
          "max" : 0,
          "mean" : 0.000000,
          "stddev" : 0.000000,
          "N" : 0
        },
        "bw_min" : 0,
        "bw_max" : 0,
        "bw_agg" : 0.000000,
        "bw_mean" : 0.000000,
        "bw_dev" : 0.000000,
        "bw_samples" : 0,
        "iops_min" : 0,
        "iops_max" : 0,
        "iops_mean" : 0.000000,
        "iops_stddev" : 0.000000,
        "iops_samples" : 0
      },
      "trim" : {
        "io_bytes" : 0,
        "io_kbytes" : 0,
        "bw_bytes" : 0,
        "bw" : 0,
        "iops" : 0.000000,
        "runtime" : 0,
        "total_ios" : 0,
        "short_ios" : 0,
        "drop_ios" : 0,
        "slat_ns" : {
          "min" : 0,
          "max" : 0,
          "mean" : 0.000000,
          "stddev" : 0.000000,
          "N" : 0
        },
        "clat_ns" : {
          "min" : 0,
          "max" : 0,
          "mean" : 0.000000,
          "stddev" : 0.000000,
          "N" : 0
        },
        "lat_ns" : {
          "min" : 0,
          "max" : 0,
          "mean" : 0.000000,
          "stddev" : 0.000000,
          "N" : 0
        },
        "bw_min" : 0,
        "bw_max" : 0,
        "bw_agg" : 0.000000,
        "bw_mean" : 0.000000,
        "bw_dev" : 0.000000,
        "bw_samples" : 0,
        "iops_min" : 0,
        "iops_max" : 0,
        "iops_mean" : 0.000000,
        "iops_stddev" : 0.000000,
        "iops_samples" : 0
      },
      "sync" : {
        "total_ios" : 0,
        "lat_ns" : {
          "min" : 0,
          "max" : 0,
          "mean" : 0.000000,
          "stddev" : 0.000000,
          "N" : 0
        }
      },
      "job_runtime" : 40000,
      "usr_cpu" : 2.522500,
      "sys_cpu" : 25.910000,
      "ctx" : 186520,
      "majf" : 0,
      "minf" : 75,
      "iodepth_level" : {
        "1" : 100.000000,
        "2" : 0.000000,
        "4" : 0.000000,
        "8" : 0.000000,
        "16" : 0.000000,
        "32" : 0.000000,
        ">=64" : 0.000000
      },
      "iodepth_submit" : {
        "0" : 0.000000,
        "4" : 100.000000,
        "8" : 0.000000,
        "16" : 0.000000,
        "32" : 0.000000,
        "64" : 0.000000,
        ">=64" : 0.000000
      },
      "iodepth_complete" : {
        "0" : 0.000000,
        "4" : 100.000000,
        "8" : 0.000000,
        "16" : 0.000000,
        "32" : 0.000000,
        "64" : 0.000000,
        ">=64" : 0.000000
      },
      "latency_ns" : {
        "2" : 0.000000,
        "4" : 0.000000,
        "10" : 0.000000,
        "20" : 0.000000,
        "50" : 0.000000,
        "100" : 0.000000,
        "250" : 0.000000,
        "500" : 0.000000,
        "750" : 0.010000,
        "1000" : 0.147008
      },
      "latency_us" : {
        "2" : 2.313938,
        "4" : 0.034005,
        "10" : 0.010000,
        "20" : 0.010000,
        "50" : 0.020926,
        "100" : 11.636132,
        "250" : 64.169797,
        "500" : 21.294194,
        "750" : 0.346332,
        "1000" : 0.014125
      },
      "latency_ms" : {
        "2" : 0.010000,
        "4" : 0.010000,
        "10" : 0.000000,
        "20" : 0.000000,
        "50" : 0.000000,
        "100" : 0.000000,
        "250" : 0.000000,
        "500" : 0.000000,
        "750" : 0.000000,
        "1000" : 0.000000,
        "2000" : 0.000000,
        ">=2000" : 0.000000
      },
      "latency_depth" : 1,
      "latency_target" : 0,
      "latency_percentile" : 100.000000,
      "latency_window" : 0
    }
  ]
}
