{
  "fio version" : "fio-3.41",
  "timestamp" : 1765450724,
  "timestamp_ms" : 1765450724115,
  "time" : "Thu Dec 11 10:58:44 2025",
  "jobs" : [
    {
      "jobname" : "mixed-io-70-30",
      "groupid" : 0,
      "job_start" : 1765450713942,
      "error" : 0,
      "eta" : 0,
      "elapsed" : 11,
      "job options" : {
        "name" : "mixed-io-70-30",
        "filename" : "/tmp/testfile",
        "ioengine" : "libaio",
        "rw" : "randrw",
        "bs" : "4k",
        "size" : "200M",
        "numjobs" : "4",
        "runtime" : "10",
        "time_based" : "",
        "group_reporting" : "",
        "rwmixread" : "70",
        "direct" : "1"
      },
      "read" : {
        "io_bytes" : 425025536,
        "io_kbytes" : 415064,
        "bw_bytes" : 42498303,
        "bw" : 41502,
        "iops" : 10375.562444,
        "runtime" : 10001,
        "total_ios" : 103766,
        "short_ios" : 0,
        "drop_ios" : 0,
        "slat_ns" : {
          "min" : 2833,
          "max" : 1709655,
          "mean" : 49806.664360,
          "stddev" : 71893.899669,
          "N" : 103766
        },
        "clat_ns" : {
          "min" : 708,
          "max" : 2239760,
          "mean" : 219170.438448,
          "stddev" : 93623.291792,
          "N" : 103766,
          "percentile" : {
            "1.000000" : 1464,
            "5.000000" : 89600,
            "10.000000" : 116224,
            "20.000000" : 146432,
            "30.000000" : 168960,
            "40.000000" : 189440,
            "50.000000" : 209920,
            "60.000000" : 232448,
            "70.000000" : 257024,
            "80.000000" : 288768,
            "90.000000" : 337920,
            "95.000000" : 382976,
            "99.000000" : 473088,
            "99.500000" : 514048,
            "99.900000" : 634880,
            "99.950000" : 716800,
            "99.990000" : 1318912
          }
        },
        "lat_ns" : {
          "min" : 63086,
          "max" : 2536231,
          "mean" : 268977.102808,
          "stddev" : 107615.432010,
          "N" : 103766
        },
        "bw_min" : 40368,
        "bw_max" : 42984,
        "bw_agg" : 100.000000,
        "bw_mean" : 41506.400000,
        "bw_dev" : 174.312276,
        "bw_samples" : 80,
        "iops_min" : 10092,
        "iops_max" : 10746,
        "iops_mean" : 10376.600000,
        "iops_stddev" : 43.578069,
        "iops_samples" : 80
      },
      "write" : {
        "io_bytes" : 183840768,
        "io_kbytes" : 179532,
        "bw_bytes" : 18382238,
        "bw" : 17951,
        "iops" : 4487.851215,
        "runtime" : 10001,
        "total_ios" : 44883,
        "short_ios" : 0,
        "drop_ios" : 0,
        "slat_ns" : {
          "min" : 5084,
          "max" : 1222135,
          "mean" : 92576.092730,
          "stddev" : 112698.858832,
          "N" : 44883
        },
        "clat_ns" : {
          "min" : 625,
          "max" : 2406850,
          "mean" : 173699.035737,
          "stddev" : 94133.487023,
          "N" : 44883,
          "percentile" : {
            "1.000000" : 1048,
            "5.000000" : 1624,
            "10.000000" : 75264,
            "20.000000" : 104960,
            "30.000000" : 126464,
            "40.000000" : 146432,
            "50.000000" : 166912,
            "60.000000" : 187392,
            "70.000000" : 211968,
            "80.000000" : 242688,
            "90.000000" : 288768,
            "95.000000" : 329728,
            "99.000000" : 428032,
            "99.500000" : 477184,
            "99.900000" : 585728,
            "99.950000" : 659456,
            "99.990000" : 1728512
          }
        },
        "lat_ns" : {
          "min" : 60586,
          "max" : 2427310,
          "mean" : 266275.128467,
          "stddev" : 134331.409246,
          "N" : 44883
        },
        "bw_min" : 16800,
        "bw_max" : 19232,
        "bw_agg" : 100.000000,
        "bw_mean" : 17953.200000,
        "bw_dev" : 168.485735,
        "bw_samples" : 80,
        "iops_min" : 4200,
        "iops_max" : 4808,
        "iops_mean" : 4488.300000,
        "iops_stddev" : 42.121434,
        "iops_samples" : 80
      },
      "trim" : {
        "io_bytes" : 0,
        "io_kbytes" : 0,
        "bw_bytes" : 0,
        "bw" : 0,
        "iops" : 0.000000,
        "runtime" : 0,
        "total_ios" : 0,
        "short_ios" : 0,
        "drop_ios" : 0,
        "slat_ns" : {
          "min" : 0,
          "max" : 0,
          "mean" : 0.000000,
          "stddev" : 0.000000,
          "N" : 0
        },
        "clat_ns" : {
          "min" : 0,
          "max" : 0,
          "mean" : 0.000000,
          "stddev" : 0.000000,
          "N" : 0
        },
        "lat_ns" : {
          "min" : 0,
          "max" : 0,
          "mean" : 0.000000,
          "stddev" : 0.000000,
          "N" : 0
        },
        "bw_min" : 0,
        "bw_max" : 0,
        "bw_agg" : 0.000000,
        "bw_mean" : 0.000000,
        "bw_dev" : 0.000000,
        "bw_samples" : 0,
        "iops_min" : 0,
        "iops_max" : 0,
        "iops_mean" : 0.000000,
        "iops_stddev" : 0.000000,
        "iops_samples" : 0
      },
      "sync" : {
        "total_ios" : 0,
        "lat_ns" : {
          "min" : 0,
          "max" : 0,
          "mean" : 0.000000,
          "stddev" : 0.000000,
          "N" : 0
        }
      },
      "job_runtime" : 40000,
      "usr_cpu" : 1.272500,
      "sys_cpu" : 16.702500,
      "ctx" : 177558,
      "majf" : 0,
      "minf" : 87,
      "iodepth_level" : {
        "1" : 100.000000,
        "2" : 0.000000,
        "4" : 0.000000,
        "8" : 0.000000,
        "16" : 0.000000,
        "32" : 0.000000,
        ">=64" : 0.000000
      },
      "iodepth_submit" : {
        "0" : 0.000000,
        "4" : 100.000000,
        "8" : 0.000000,
        "16" : 0.000000,
        "32" : 0.000000,
        "64" : 0.000000,
        ">=64" : 0.000000
      },
      "iodepth_complete" : {
        "0" : 0.000000,
        "4" : 100.000000,
        "8" : 0.000000,
        "16" : 0.000000,
        "32" : 0.000000,
        "64" : 0.000000,
        ">=64" : 0.000000
      },
      "latency_ns" : {
        "2" : 0.000000,
        "4" : 0.000000,
        "10" : 0.000000,
        "20" : 0.000000,
        "50" : 0.000000,
        "100" : 0.000000,
        "250" : 0.000000,
        "500" : 0.000000,
        "750" : 0.010000,
        "1000" : 0.272454
      },
      "latency_us" : {
        "2" : 2.820066,
        "4" : 0.054491,
        "10" : 0.335690,
        "20" : 0.154054,
        "50" : 0.584599,
        "100" : 5.730950,
        "250" : 61.803308,
        "500" : 27.696116,
        "750" : 0.506562,
        "1000" : 0.021527
      },
      "latency_ms" : {
        "2" : 0.010764,
        "4" : 0.010000,
        "10" : 0.000000,
        "20" : 0.000000,
        "50" : 0.000000,
        "100" : 0.000000,
        "250" : 0.000000,
        "500" : 0.000000,
        "750" : 0.000000,
        "1000" : 0.000000,
        "2000" : 0.000000,
        ">=2000" : 0.000000
      },
      "latency_depth" : 1,
      "latency_target" : 0,
      "latency_percentile" : 100.000000,
      "latency_window" : 0
    }
  ]
}
