{
  "fio version" : "fio-3.41",
  "timestamp" : 1765450478,
  "timestamp_ms" : 1765450478309,
  "time" : "Thu Dec 11 10:54:38 2025",
  "jobs" : [
    {
      "jobname" : "mixed-io-70-30",
      "groupid" : 0,
      "job_start" : 1765450468087,
      "error" : 0,
      "eta" : 0,
      "elapsed" : 11,
      "job options" : {
        "name" : "mixed-io-70-30",
        "filename" : "/tmp/testfile",
        "ioengine" : "libaio",
        "rw" : "randrw",
        "bs" : "4k",
        "size" : "200M",
        "numjobs" : "4",
        "runtime" : "10",
        "time_based" : "",
        "group_reporting" : "",
        "rwmixread" : "70",
        "direct" : "1"
      },
      "read" : {
        "io_bytes" : 543797248,
        "io_kbytes" : 531052,
        "bw_bytes" : 54374287,
        "bw" : 53099,
        "iops" : 13274.972503,
        "runtime" : 10001,
        "total_ios" : 132763,
        "short_ios" : 0,
        "drop_ios" : 0,
        "slat_ns" : {
          "min" : 1334,
          "max" : 819576,
          "mean" : 25167.109963,
          "stddev" : 37889.899214,
          "N" : 132763
        },
        "clat_ns" : {
          "min" : 708,
          "max" : 2334556,
          "mean" : 179263.208040,
          "stddev" : 87881.513860,
          "N" : 132763,
          "percentile" : {
            "1.000000" : 1464,
            "5.000000" : 73216,
            "10.000000" : 89600,
            "20.000000" : 111104,
            "30.000000" : 127488,
            "40.000000" : 144384,
            "50.000000" : 160768,
            "60.000000" : 183296,
            "70.000000" : 211968,
            "80.000000" : 248832,
            "90.000000" : 301056,
            "95.000000" : 342016,
            "99.000000" : 428032,
            "99.500000" : 464896,
            "99.900000" : 544768,
            "99.950000" : 593920,
            "99.990000" : 782336
          }
        },
        "lat_ns" : {
          "min" : 44627,
          "max" : 2401976,
          "mean" : 204430.318003,
          "stddev" : 86358.336455,
          "N" : 132763
        },
        "bw_min" : 50416,
        "bw_max" : 55800,
        "bw_agg" : 100.000000,
        "bw_mean" : 53105.200000,
        "bw_dev" : 317.413790,
        "bw_samples" : 80,
        "iops_min" : 12604,
        "iops_max" : 13950,
        "iops_mean" : 13276.300000,
        "iops_stddev" : 79.353447,
        "iops_samples" : 80
      },
      "write" : {
        "io_bytes" : 234991616,
        "io_kbytes" : 229484,
        "bw_bytes" : 23496811,
        "bw" : 22946,
        "iops" : 5736.526347,
        "runtime" : 10001,
        "total_ios" : 57371,
        "short_ios" : 0,
        "drop_ios" : 0,
        "slat_ns" : {
          "min" : 1458,
          "max" : 2036043,
          "mean" : 28529.846909,
          "stddev" : 41278.874014,
          "N" : 57371
        },
        "clat_ns" : {
          "min" : 709,
          "max" : 2521063,
          "mean" : 192487.195848,
          "stddev" : 94696.414421,
          "N" : 57371,
          "percentile" : {
            "1.000000" : 1416,
            "5.000000" : 81408,
            "10.000000" : 97792,
            "20.000000" : 119296,
            "30.000000" : 136192,
            "40.000000" : 154624,
            "50.000000" : 173056,
            "60.000000" : 195584,
            "70.000000" : 226304,
            "80.000000" : 264192,
            "90.000000" : 321536,
            "95.000000" : 366592,
            "99.000000" : 460800,
            "99.500000" : 501760,
            "99.900000" : 585728,
            "99.950000" : 651264,
            "99.990000" : 1630208
          }
        },
        "lat_ns" : {
          "min" : 60045,
          "max" : 2533439,
          "mean" : 221017.042757,
          "stddev" : 95322.679425,
          "N" : 57371
        },
        "bw_min" : 21616,
        "bw_max" : 24224,
        "bw_agg" : 100.000000,
        "bw_mean" : 22948.400000,
        "bw_dev" : 175.911255,
        "bw_samples" : 80,
        "iops_min" : 5404,
        "iops_max" : 6056,
        "iops_mean" : 5737.100000,
        "iops_stddev" : 43.977814,
        "iops_samples" : 80
      },
      "trim" : {
        "io_bytes" : 0,
        "io_kbytes" : 0,
        "bw_bytes" : 0,
        "bw" : 0,
        "iops" : 0.000000,
        "runtime" : 0,
        "total_ios" : 0,
        "short_ios" : 0,
        "drop_ios" : 0,
        "slat_ns" : {
          "min" : 0,
          "max" : 0,
          "mean" : 0.000000,
          "stddev" : 0.000000,
          "N" : 0
        },
        "clat_ns" : {
          "min" : 0,
          "max" : 0,
          "mean" : 0.000000,
          "stddev" : 0.000000,
          "N" : 0
        },
        "lat_ns" : {
          "min" : 0,
          "max" : 0,
          "mean" : 0.000000,
          "stddev" : 0.000000,
          "N" : 0
        },
        "bw_min" : 0,
        "bw_max" : 0,
        "bw_agg" : 0.000000,
        "bw_mean" : 0.000000,
        "bw_dev" : 0.000000,
        "bw_samples" : 0,
        "iops_min" : 0,
        "iops_max" : 0,
        "iops_mean" : 0.000000,
        "iops_stddev" : 0.000000,
        "iops_samples" : 0
      },
      "sync" : {
        "total_ios" : 0,
        "lat_ns" : {
          "min" : 0,
          "max" : 0,
          "mean" : 0.000000,
          "stddev" : 0.000000,
          "N" : 0
        }
      },
      "job_runtime" : 40000,
      "usr_cpu" : 2.365000,
      "sys_cpu" : 22.107500,
      "ctx" : 186297,
      "majf" : 0,
      "minf" : 87,
      "iodepth_level" : {
        "1" : 100.000000,
        "2" : 0.000000,
        "4" : 0.000000,
        "8" : 0.000000,
        "16" : 0.000000,
        "32" : 0.000000,
        ">=64" : 0.000000
      },
      "iodepth_submit" : {
        "0" : 0.000000,
        "4" : 100.000000,
        "8" : 0.000000,
        "16" : 0.000000,
        "32" : 0.000000,
        "64" : 0.000000,
        ">=64" : 0.000000
      },
      "iodepth_complete" : {
        "0" : 0.000000,
        "4" : 100.000000,
        "8" : 0.000000,
        "16" : 0.000000,
        "32" : 0.000000,
        "64" : 0.000000,
        ">=64" : 0.000000
      },
      "latency_ns" : {
        "2" : 0.000000,
        "4" : 0.000000,
        "10" : 0.000000,
        "20" : 0.000000,
        "50" : 0.000000,
        "100" : 0.000000,
        "250" : 0.000000,
        "500" : 0.000000,
        "750" : 0.010000,
        "1000" : 0.104137
      },
      "latency_us" : {
        "2" : 2.491927,
        "4" : 0.029979,
        "10" : 0.024193,
        "20" : 0.010000,
        "50" : 0.034186,
        "100" : 10.640390,
        "250" : 66.008710,
        "500" : 20.335658,
        "750" : 0.311359,
        "1000" : 0.010000
      },
      "latency_ms" : {
        "2" : 0.010000,
        "4" : 0.010000,
        "10" : 0.000000,
        "20" : 0.000000,
        "50" : 0.000000,
        "100" : 0.000000,
        "250" : 0.000000,
        "500" : 0.000000,
        "750" : 0.000000,
        "1000" : 0.000000,
        "2000" : 0.000000,
        ">=2000" : 0.000000
      },
      "latency_depth" : 1,
      "latency_target" : 0,
      "latency_percentile" : 100.000000,
      "latency_window" : 0
    }
  ]
}
